,V,W,K,K,A,E,A,F,I,Q
Y,0.08144178986549377,0.07214146852493286,0.10114844143390656,0.11259009689092636,0.07947275787591934,0.24808655679225922,0.09523721784353256,0.19024913012981415,0.0816584974527359,0.06704762578010559
Y,0.08212839066982269,0.07521631568670273,0.10554319620132446,0.1067499965429306,0.09569616615772247,0.2449694573879242,0.11394401639699936,0.1916167289018631,0.08153612166643143,0.06068031117320061
A,0.07239767909049988,0.20320865511894226,0.18024146556854248,0.17521819472312927,0.13832752406597137,0.3350980579853058,0.16995584964752197,0.16464366018772125,0.2761100232601166,0.11254836618900299
M,0.07773493975400925,1.192502737045288,0.7366060018539429,0.28711917996406555,0.03527476638555527,0.06490568071603775,0.03772715479135513,0.10941299796104431,0.047533925622701645,0.027152644470334053
Y,0.09644374251365662,0.08441600203514099,0.10886730253696442,0.10396943986415863,0.1474228799343109,0.24266794323921204,0.13835136592388153,0.14240184426307678,0.11581138521432877,0.08046018332242966
R,0.40128442645072937,0.12839491665363312,0.20388838648796082,0.1394563615322113,0.10529622435569763,0.25272616744041443,0.0881098210811615,0.14385277032852173,0.1980227380990982,0.1125079095363617
N,0.2817282974720001,0.8382921814918518,0.3294795751571655,0.15961015224456787,0.07328470796346664,0.24776378273963928,0.10650002211332321,0.11097013205289841,0.9566231966018677,0.6713255643844604
N,0.24813903868198395,0.8512209057807922,0.34317463636398315,0.17034125328063965,0.07871419191360474,0.2542523145675659,0.11721694469451904,0.12717165052890778,0.9188499450683594,0.6324562430381775
V,0.08663246780633926,0.06355544179677963,0.08820249140262604,0.08499525487422943,0.20513145625591278,0.23618526756763458,0.17290529608726501,0.14924389123916626,0.08511029183864594,0.20023411512374878
A,0.06645435839891434,0.6301040649414062,0.2066231369972229,0.18439877033233643,0.1378692090511322,0.46016043424606323,0.13460662961006165,0.1810978651046753,0.13061879575252533,0.1295366734266281
Q,0.12030378729104996,0.18168726563453674,0.38425716757774353,0.2832716405391693,0.06958356499671936,0.37950631976127625,0.05561794340610504,0.2264266163110733,0.060877375304698944,0.36207789182662964
T,0.1524609476327896,0.18344764411449432,0.0764697715640068,0.0881032794713974,0.08599928021430969,0.11429629474878311,0.07513651996850967,0.22552724182605743,0.14940764009952545,0.1147589460015297
D,0.10899852961301804,1.0389695167541504,0.3747386336326599,0.2699199318885803,0.18978163599967957,0.2714434862136841,0.163495734333992,0.33252617716789246,0.6470649242401123,0.18228957056999207
V,0.07949481904506683,0.041799820959568024,0.06771351397037506,0.07764076441526413,0.0822155699133873,0.16727985441684723,0.09190545231103897,0.1159278079867363,0.07752740383148193,0.11461187154054642
D,0.1481996774673462,0.7605339884757996,0.3367255926132202,0.26788967847824097,0.1543675661087036,0.20915286242961884,0.14154410362243652,0.4176197350025177,0.5995433330535889,0.23981551826000214
T,0.19260059297084808,0.43652546405792236,0.13323339819908142,0.11277468502521515,0.061842624098062515,0.06310829520225525,0.06243976950645447,0.2279617190361023,0.11616095155477524,0.06236492842435837
L,0.14011800289154053,1.0063992738723755,0.23513995110988617,0.2598295211791992,0.1038050502538681,0.45171648263931274,0.07107622921466827,0.2219410538673401,0.11439596116542816,0.23266060650348663
Y,0.08850493282079697,0.09617201238870621,0.2038000524044037,0.15087294578552246,0.06602458655834198,0.1355472058057785,0.06505821645259857,0.12491536885499954,0.11929938942193985,0.08220083266496658
I,0.20713551342487335,1.027387022972107,0.2974662780761719,0.18237823247909546,0.18428367376327515,0.9335753321647644,0.15457774698734283,0.46674811840057373,0.21211780607700348,0.23805579543113708
M,0.18266071379184723,1.3111741542816162,0.4326767325401306,0.14227913320064545,0.048372477293014526,0.11018781363964081,0.060187928378582,0.06346297264099121,0.3211579918861389,0.08757096529006958
Y,0.10454147309064865,0.09993605315685272,0.13655894994735718,0.1043265163898468,0.08276917040348053,0.18856459856033325,0.07926906645298004,0.10104204714298248,0.12927775084972382,0.09535191208124161
R,0.23021958768367767,0.21791496872901917,0.20781159400939941,0.14114488661289215,0.061638034880161285,0.19311359524726868,0.057655610144138336,0.1201016753911972,0.6158778071403503,0.09153398126363754
D,0.24466165900230408,1.405160903930664,0.33889687061309814,0.282785564661026,0.20264172554016113,0.32625269889831543,0.20288370549678802,0.31607550382614136,0.5387664437294006,0.15078218281269073
Y,0.1078561395406723,0.05670567601919174,0.08582624047994614,0.08738832175731659,0.0934935212135315,0.1594979614019394,0.09249525517225266,0.10849563032388687,0.11388660967350006,0.09511198103427887
T,0.2715640068054199,0.23928368091583252,0.07982971519231796,0.07870148122310638,0.24541345238685608,0.06516292691230774,0.18607868254184723,0.17248208820819855,0.30670681595802307,0.1465071439743042
W,0.13977472484111786,0.06685849279165268,0.18207168579101562,0.15616367757320404,0.08334258198738098,0.05718115717172623,0.10145778954029083,0.12535040080547333,0.15797629952430725,0.4068536162376404
A,0.08603432774543762,0.12332791090011597,0.12142179906368256,0.11617983132600784,0.225574791431427,0.19411517679691315,0.18908220529556274,0.12601856887340546,0.5637475252151489,0.20687684416770935
V,0.07166918367147446,0.04892731457948685,0.05966547876596451,0.07462839037179947,0.1433587670326233,0.13739429414272308,0.18869268894195557,0.1226128339767456,0.11400385946035385,0.07922159135341644
W,0.1602744460105896,0.10828319191932678,0.101008340716362,0.0959237739443779,0.19047430157661438,0.057831451296806335,0.24966171383857727,0.13401682674884796,0.3354215919971466,0.11516499519348145
A,0.12030951678752899,0.15470090508460999,0.17184357345104218,0.15548300743103027,0.15975968539714813,0.10839418321847916,0.1617424339056015,0.14220765233039856,0.28974664211273193,0.10295164585113525
Y,0.07207038998603821,0.06840302050113678,0.08198659121990204,0.07840652763843536,0.09126918017864227,0.08089665323495865,0.10072245448827744,0.17343375086784363,0.13532984256744385,0.052688755095005035
T,0.30088216066360474,0.252682626247406,0.14890006184577942,0.14598314464092255,0.08926964551210403,0.041605692356824875,0.0868535116314888,0.1748189777135849,0.1544191539287567,0.0902160182595253
W,0.11822971701622009,0.08400086313486099,0.2511732280254364,0.2311113029718399,0.03957175463438034,0.02989816665649414,0.051734890788793564,0.0869598537683487,0.07077782601118088,0.08341993391513824
Y,0.06862658262252808,0.051802944391965866,0.10502129793167114,0.10435399413108826,0.03922072425484657,0.07811333984136581,0.05055584758520126,0.22264911234378815,0.07610152661800385,0.04885142669081688
sum,5.011576175689697,13.201136589050293,7.018011093139648,5.211988925933838,3.890563488006592,7.140652179718018,3.914480209350586,6.059981822967529,8.911466598510742,5.575888156890869
posi,1.0,2.0,3.0,4.0,5.0,6.0,7.0,8.0,9.0,10.0
contrib,0.07600696947466713,0.20021213897178192,0.1064371240163243,0.07904648543853336,0.05900537673289495,0.10829713312266484,0.05936810443479941,0.09190738348338932,0.1351538011161342,0.08456548320881059
