,A,E,A,F,I,Q
Y,0.09337273240089417,0.19214081764221191,0.0868568867444992,0.22266940772533417,0.10017459839582443,0.29890626668930054
Y,0.11464214324951172,0.20884685218334198,0.09448082000017166,0.176177516579628,0.09728023409843445,0.26996612548828125
A,0.09027349203824997,0.3271087408065796,0.0881299376487732,0.15174634754657745,0.07878948748111725,0.16009022295475006
M,0.07671746611595154,1.5470304489135742,0.045713625848293304,0.47462087869644165,0.08205507695674896,0.1195230484008789
Y,0.23072677850723267,0.17245611548423767,0.14006011188030243,0.09740693122148514,0.11431961506605148,0.18608269095420837
Q,0.15165959298610687,1.8159891366958618,0.09801981598138809,0.2384149432182312,0.10814597457647324,0.07844838500022888
E,0.16899855434894562,0.21751706302165985,0.13389378786087036,0.1845424473285675,0.12429457157850266,0.11744501441717148
N,0.36645203828811646,1.3877956867218018,0.1505613923072815,0.06877996772527695,0.6693469285964966,0.09344972670078278
V,0.19409017264842987,0.10413516312837601,0.17996424436569214,0.10908592492341995,0.10220200568437576,0.18449556827545166
A,0.10104343295097351,0.4357733726501465,0.13330526649951935,0.17814557254314423,0.09838484227657318,0.11655367910861969
Q,0.1152786910533905,0.9155364632606506,0.11015649884939194,0.4213126301765442,0.06990280747413635,0.08929422497749329
T,0.35779812932014465,0.08105531334877014,0.13818208873271942,0.0911756083369255,0.213365837931633,0.2893680930137634
D,0.29710423946380615,0.5248088836669922,0.4092816710472107,0.43764498829841614,0.4945802390575409,0.12662938237190247
V,0.11268886178731918,0.17053882777690887,0.07760526239871979,0.06521940976381302,0.06646419316530228,0.22834648191928864
D,0.27087634801864624,0.4450569152832031,0.41692984104156494,0.4149600565433502,0.2761998176574707,0.10976416617631912
T,0.5591198205947876,0.03795626759529114,0.11069075018167496,0.08454129099845886,0.2697591483592987,0.14945004880428314
L,0.09928307682275772,0.7575592994689941,0.08392109721899033,0.39806002378463745,0.18990018963813782,0.15767259895801544
Y,0.10270453989505768,0.0826454609632492,0.08966793864965439,0.13500617444515228,0.13464577496051788,0.17064638435840607
I,0.21130269765853882,1.0256506204605103,0.08547187596559525,0.5958921909332275,0.2498706728219986,0.10831131041049957
I,0.25308680534362793,1.0583810806274414,0.10280688852071762,0.516283392906189,0.25723153352737427,0.10752876102924347
Y,0.13508950173854828,0.14153455197811127,0.0983736589550972,0.09728812426328659,0.17175865173339844,0.21667733788490295
R,0.24684427678585052,0.17160023748874664,0.1966232806444168,0.39731496572494507,0.25386345386505127,0.13638544082641602
D,0.44146135449409485,0.675321638584137,0.5493537783622742,0.6148411631584167,0.25681835412979126,0.09053867310285568
Y,0.09585674852132797,0.10201790183782578,0.0930497944355011,0.08354756981134415,0.12964476644992828,0.13420948386192322
T,0.5345749258995056,0.05112956464290619,0.13867059350013733,0.09722919762134552,0.5286458134651184,0.07617516070604324
W,0.25169238448143005,0.04000707343220711,0.19631518423557281,0.1103636771440506,0.14820663630962372,0.18690988421440125
A,0.12901648879051208,0.1909940540790558,0.2485949844121933,0.10962959378957748,0.11727576702833176,0.10616064816713333
A,0.14344307780265808,0.16110476851463318,0.22544081509113312,0.10340458154678345,0.1374453902244568,0.10357600450515747
Q,0.15563902258872986,0.40833422541618347,0.156500905752182,0.19421666860580444,0.2108197957277298,0.07098466902971268
A,0.11370342969894409,0.11771220713853836,0.1495676189661026,0.0766630619764328,0.15116754174232483,0.08407030999660492
Y,0.11696654558181763,0.05204203352332115,0.09419544786214828,0.08253959566354752,0.13511128723621368,0.12150626629590988
R,0.43036746978759766,0.10182486474514008,0.35234180092811584,0.25333696603775024,0.1862315535545349,0.21328140795230865
W,0.19699259102344513,0.04048457741737366,0.1266150176525116,0.05985675007104874,0.09671328216791153,0.12700584530830383
Y,0.05892544239759445,0.05620080605149269,0.04918705299496651,0.11564673483371735,0.07750922441482544,0.19220472872257233
sum,7.01779317855835,13.818290710449219,5.4505295753479,7.457564353942871,6.398125171661377,5.021658897399902
posi,1.0,2.0,3.0,4.0,5.0,6.0
contrib,0.15538479985571135,0.30595833786487736,0.12068315859759375,0.16512201415239605,0.1416643913485382,0.11118729818088328
