,P,S,D,T,R,Q,M,L,F,Y
Y,0.041089028120040894,0.17261981964111328,0.14950282871723175,0.1237873062491417,0.26289138197898865,0.29208847880363464,0.08723080158233643,0.1298837661743164,0.11778369545936584,0.1114746481180191
Y,0.05182839184999466,0.23576414585113525,0.20230568945407867,0.11650477349758148,0.2719303071498871,0.2810025215148926,0.08058091998100281,0.09478098154067993,0.09096028655767441,0.07948745787143707
A,0.098383329808712,0.14350903034210205,0.32605236768722534,0.08460864424705505,0.16011887788772583,0.1877594143152237,0.0941641554236412,0.18290364742279053,0.20282335579395294,0.1314661204814911
M,0.6771310567855835,0.5772178769111633,1.2418766021728516,0.18046016991138458,0.13937976956367493,0.06820002943277359,0.11289502680301666,0.14592570066452026,0.24837401509284973,0.16449777781963348
Y,0.16481798887252808,0.24213144183158875,0.18627414107322693,0.07093965262174606,0.1883801817893982,0.235174298286438,0.13762503862380981,0.08643205463886261,0.08097002655267715,0.0820288211107254
R,0.9939549565315247,0.672457218170166,0.21118155121803284,0.14865615963935852,0.10251874476671219,0.21899104118347168,0.0753413513302803,0.11022396385669708,0.14307264983654022,0.1119937002658844
N,0.22416993975639343,0.07117921859025955,1.7185403108596802,0.19767315685749054,0.11372905224561691,0.18954727053642273,0.1036110371351242,0.1665896475315094,0.12792088091373444,1.1129823923110962
N,0.20742908120155334,0.07089800387620926,1.6644679307937622,0.15771035850048065,0.1183449774980545,0.1514807939529419,0.12053193151950836,0.17279723286628723,0.13787034153938293,1.049245834350586
V,0.7093254923820496,0.15749500691890717,0.09965493530035019,0.09122424572706223,0.04869807884097099,0.13537238538265228,0.37604549527168274,0.10209748148918152,0.11732789874076843,0.13655109703540802
A,0.09572219103574753,0.2339736521244049,0.5376650094985962,0.2804587185382843,0.23466762900352478,0.13971443474292755,0.08366905152797699,0.16950638592243195,0.2639118432998657,0.24260126054286957
Q,0.07210469245910645,0.14765235781669617,0.5412368774414062,0.07069383561611176,0.29388776421546936,0.0930391252040863,0.07242897897958755,0.09424181282520294,0.26683303713798523,0.4791719913482666
T,0.1928311437368393,0.10483556240797043,0.17430002987384796,0.063066765666008,0.07593419402837753,0.2527572214603424,0.1313105970621109,0.08654581010341644,0.11708752065896988,0.08429601043462753
D,0.7587448358535767,0.1964959353208542,0.37808680534362793,0.11895923316478729,0.2330183982849121,0.11748294532299042,0.49106365442276,0.5936965346336365,0.25142911076545715,0.26599809527397156
V,0.24509486556053162,0.0731278508901596,0.06034284085035324,0.054767824709415436,0.08136063814163208,0.17638909816741943,0.1677384376525879,0.09543396532535553,0.11239389330148697,0.11837427318096161
D,0.7200407981872559,0.15086519718170166,0.4291456341743469,0.10209264606237411,0.2156316488981247,0.1534736603498459,0.6344010233879089,0.5073502063751221,0.23179425299167633,0.18176281452178955
T,0.484596848487854,0.11863520741462708,0.2453218549489975,0.04281317815184593,0.06149515509605408,0.17943327128887177,0.138971745967865,0.09074327349662781,0.17460180819034576,0.21894308924674988
L,0.2524329423904419,0.12069309502840042,0.26141518354415894,0.08947527408599854,1.052925944328308,0.13344113528728485,0.0969741940498352,0.21070849895477295,0.40272361040115356,0.25324195623397827
Y,0.10619763284921646,0.2771254777908325,0.10711131989955902,0.17171627283096313,0.25790297985076904,0.164078027009964,0.11069139838218689,0.1191328763961792,0.12418004870414734,0.080415278673172
I,0.2687542140483856,0.07216392457485199,0.7677789926528931,0.19401228427886963,0.6605374813079834,0.21462979912757874,0.1246035248041153,0.09153912216424942,0.39521557092666626,0.5017935633659363
M,0.7980847358703613,0.7805709838867188,1.4141111373901367,0.1998571753501892,0.18866047263145447,0.046849027276039124,0.15851351618766785,0.11133413761854172,0.2550511062145233,0.13148345053195953
Y,0.13492202758789062,0.2347061187028885,0.09995074570178986,0.11429854482412338,0.16065117716789246,0.22028793394565582,0.09691695123910904,0.07783590257167816,0.08079658448696136,0.10713597387075424
R,0.6886821985244751,0.4535682797431946,0.12736035883426666,0.16718238592147827,0.19942721724510193,0.11134348064661026,0.12127864360809326,0.09969757497310638,0.1723509430885315,0.09846889227628708
D,1.2780088186264038,0.05940546840429306,0.5228769183158875,0.17969673871994019,0.1378529965877533,0.25565242767333984,0.4183199107646942,0.24476471543312073,0.2502467930316925,0.42825230956077576
Y,0.04698079079389572,0.16378676891326904,0.07415376603603363,0.11800184845924377,0.09116441011428833,0.1419946849346161,0.11629942059516907,0.09257953613996506,0.0985550656914711,0.10634658485651016
T,0.2680386006832123,0.17054709792137146,0.38584426045417786,0.052924446761608124,0.04312785342335701,0.15767306089401245,0.31175023317337036,0.07449555397033691,0.10546060651540756,0.24783757328987122
W,0.19249920547008514,0.1262037456035614,0.099611796438694,0.0814242884516716,0.05951738357543945,0.2227504849433899,0.3023878335952759,0.15022069215774536,0.1996077299118042,0.33212998509407043
A,0.0730009600520134,0.12111219763755798,0.3678853511810303,0.26542893052101135,0.12212441861629486,0.11644665151834488,0.07763402163982391,0.10865999013185501,0.1752568930387497,0.23198750615119934
V,0.089942567050457,0.08603474497795105,0.06779658794403076,0.04188057407736778,0.04240052402019501,0.0861491784453392,0.23839746415615082,0.08936862647533417,0.0952528864145279,0.09903102368116379
W,0.7753828167915344,0.12886309623718262,0.08868567645549774,0.06719884276390076,0.09097985178232193,0.2223704308271408,0.3645896911621094,0.24415196478366852,0.15711694955825806,0.12240984290838242
A,0.050942156463861465,0.12633346021175385,0.32585906982421875,0.10023415833711624,0.13391652703285217,0.12088839709758759,0.08659610897302628,0.15729673206806183,0.18387265503406525,0.08471135050058365
Y,0.04558062553405762,0.12135924398899078,0.08551986515522003,0.08630772680044174,0.07175791263580322,0.14692141115665436,0.08787427842617035,0.08345845341682434,0.1052251011133194,0.10729996860027313
T,0.15466083586215973,0.07622160017490387,0.24516025185585022,0.023296166211366653,0.05439575016498566,0.3330022990703583,0.14465172588825226,0.11115564405918121,0.14366723597049713,0.16311238706111908
W,0.27506324648857117,0.07661279290914536,0.0742507204413414,0.03685509040951729,0.10481508821249008,0.18836882710456848,0.13266941905021667,0.15332116186618805,0.22162650525569916,0.15596330165863037
Y,0.0534965954720974,0.10993196070194244,0.07611468434333801,0.08707699179649353,0.08332204818725586,0.1701512634754181,0.09524540603160858,0.11865054070949554,0.1040724441409111,0.055381227284669876
sum,11.289937019348145,6.674097061157227,13.357444763183594,3.9812846183776855,6.157467365264893,5.9249043464660645,5.993002891540527,5.167524814605713,5.955433368682861,7.8778767585754395
posi,1.0,2.0,3.0,4.0,5.0,6.0,7.0,8.0,9.0,10.0
contrib,0.15598365865490696,0.09221044156696052,0.1845486915357924,0.05500609435258944,0.08507259925686134,0.08185946968156761,0.0828003305731374,0.07139538736051854,0.0822812637599909,0.10884206325767488
