,S,E,L,F,R,S,G,L,D,S,Y
Y,0.1593441367149353,0.14015550911426544,0.24537797272205353,0.15542609989643097,0.17331339418888092,0.18016016483306885,0.24421752989292145,0.1781105399131775,0.17120836675167084,0.12496367841959,0.08190128952264786
Y,0.1897631138563156,0.15486617386341095,0.22106140851974487,0.1176542267203331,0.17648790776729584,0.15693001449108124,0.2331693023443222,0.14335578680038452,0.17109057307243347,0.11070586740970612,0.05815287306904793
A,0.16325069963932037,0.15447789430618286,0.11938988417387009,0.17779898643493652,0.12712286412715912,0.21783417463302612,0.21913938224315643,0.14443761110305786,0.3280649483203888,0.20918008685112,0.09063326567411423
M,0.5495660305023193,1.452329397201538,0.12025021761655807,0.13247281312942505,0.12374772876501083,0.10141300410032272,0.039819806814193726,0.10940824449062347,0.05173728987574577,0.17336136102676392,0.7436490058898926
Y,0.21340613067150116,0.14780139923095703,0.13464686274528503,0.0805501863360405,0.1654629111289978,0.18653012812137604,0.19311271607875824,0.11161864548921585,0.1745460331439972,0.13124389946460724,0.0676671490073204
R,0.7701769471168518,0.1723051518201828,0.26660236716270447,0.13186851143836975,0.08163829892873764,0.11209498345851898,0.290904700756073,0.2428860366344452,0.34878087043762207,0.21862143278121948,0.1369701623916626
N,0.08977626264095306,1.2090669870376587,0.17003419995307922,0.10268142819404602,0.07731442153453827,0.09775722771883011,0.24464932084083557,0.12197566032409668,0.3881668150424957,0.13709166646003723,1.9109045267105103
N,0.08269128948450089,1.17391836643219,0.18989090621471405,0.1125803291797638,0.08508678525686264,0.08967141062021255,0.2874027490615845,0.11661200225353241,0.41251036524772644,0.11619118601083755,1.873539686203003
V,0.16688022017478943,0.09633757919073105,0.07768715918064117,0.14173975586891174,0.0571359358727932,0.2411380410194397,0.20639275014400482,0.08778832852840424,0.1664092093706131,0.2695732116699219,0.14662869274616241
A,0.20260751247406006,0.2977268695831299,0.11702681332826614,0.1921509951353073,0.1819503903388977,0.28801199793815613,0.1634276658296585,0.10850685834884644,0.3487221300601959,0.4934206008911133,0.22229257225990295
Q,0.11828131973743439,0.4965593218803406,0.13094744086265564,0.15336112678050995,0.26881399750709534,0.20776817202568054,0.1729832887649536,0.06742195785045624,0.3299270570278168,0.08744799345731735,0.6938431859016418
T,0.06934309750795364,0.10297564417123795,0.15259765088558197,0.1286015808582306,0.08468736708164215,0.1338212639093399,0.09203455597162247,0.13681438565254211,0.14928977191448212,0.05867716297507286,0.07734017074108124
D,0.3134138882160187,0.3790135383605957,1.0946695804595947,0.288252592086792,0.1481834053993225,0.08662117272615433,0.23789946734905243,0.2472558617591858,0.3483457565307617,0.1966867744922638,0.17958080768585205
V,0.0837017148733139,0.12990574538707733,0.10714446008205414,0.08901045471429825,0.08951002359390259,0.19026078283786774,0.269954651594162,0.10403859615325928,0.11672331392765045,0.2168949842453003,0.11337810009717941
D,0.29836976528167725,0.2810239791870117,1.100218415260315,0.4863264262676239,0.12266817688941956,0.08005908131599426,0.3124018609523773,0.24019408226013184,0.531397819519043,0.19349783658981323,0.11819842457771301
T,0.08830342441797256,0.044868048280477524,0.12449812889099121,0.23966553807258606,0.08146816492080688,0.08723098039627075,0.1500229686498642,0.13548550009727478,0.1567775011062622,0.049486253410577774,0.2486942708492279
L,0.11503084003925323,0.4243469536304474,0.4186902344226837,0.37309151887893677,1.046550989151001,0.1281183809041977,0.08879858255386353,0.21710285544395447,0.12891916930675507,0.0702722817659378,0.44317108392715454
Y,0.1663757860660553,0.07739455997943878,0.14131154119968414,0.15943396091461182,0.15990614891052246,0.1648365557193756,0.14034883677959442,0.16129495203495026,0.10465165227651596,0.1514173150062561,0.07536357641220093
I,0.1941896229982376,1.1059373617172241,0.2745169401168823,0.16154320538043976,0.40608909726142883,0.11599962413311005,0.1916891485452652,0.16139937937259674,0.29430973529815674,0.1582774668931961,1.288842797279358
M,0.7857276201248169,1.8669049739837646,0.1713942587375641,0.14459814131259918,0.09219164401292801,0.05717313662171364,0.03748399391770363,0.11144789308309555,0.0527251698076725,0.2621033191680908,1.1058480739593506
Y,0.1596790850162506,0.11774329096078873,0.11035316437482834,0.08971438556909561,0.13648870587348938,0.22942128777503967,0.16667653620243073,0.10404574126005173,0.1555897444486618,0.2310185581445694,0.09629103541374207
R,0.6764249801635742,0.12363274395465851,0.2801986336708069,0.14163757860660553,0.09672783315181732,0.08964477479457855,0.21137332916259766,0.24208614230155945,0.3068326711654663,0.1947406679391861,0.10536345094442368
D,0.12899228930473328,0.4704830050468445,1.0030016899108887,0.20254813134670258,0.09754832088947296,0.07626806944608688,0.1370721310377121,0.13839533925056458,0.6161812543869019,0.12391269207000732,0.41494619846343994
Y,0.12542417645454407,0.10309435427188873,0.12316451966762543,0.08774854242801666,0.10188400000333786,0.1500052660703659,0.1500636488199234,0.10679291933774948,0.15200763940811157,0.17276372015476227,0.08362094312906265
T,0.10769319534301758,0.05536067858338356,0.14034424722194672,0.1399993598461151,0.06803549081087112,0.1115674376487732,0.20776580274105072,0.14087450504302979,0.1785840094089508,0.05783526226878166,0.22275443375110626
W,0.13960134983062744,0.04438057914376259,0.16311269998550415,0.1486891508102417,0.05536718666553497,0.178048774600029,0.20152287185192108,0.1954987496137619,0.1843663603067398,0.23474156856536865,0.13791798055171967
A,0.14493191242218018,0.1271560937166214,0.10407055914402008,0.1414310485124588,0.1289648562669754,0.13842150568962097,0.12145377695560455,0.09631281346082687,0.3121531009674072,0.2468731701374054,0.1305781602859497
V,0.10312158614397049,0.08544300496578217,0.07712934911251068,0.07719805091619492,0.053536199033260345,0.12043682485818863,0.10475833714008331,0.082750603556633,0.11428714543581009,0.12651783227920532,0.07706168293952942
W,0.14575794339179993,0.025280091911554337,0.33253878355026245,0.12074048817157745,0.0682620257139206,0.20496784150600433,0.0973292738199234,0.24608305096626282,0.1576053500175476,0.21961148083209991,0.09489799290895462
A,0.11843164265155792,0.09525477886199951,0.17412778735160828,0.13221517205238342,0.12542474269866943,0.12073524296283722,0.08124730736017227,0.17476512491703033,0.20929840207099915,0.15021222829818726,0.12484870851039886
Y,0.12617765367031097,0.04524777829647064,0.1644458770751953,0.09819253534078598,0.06630269438028336,0.16632847487926483,0.12486641108989716,0.12887884676456451,0.09796435385942459,0.12410185486078262,0.0968296080827713
T,0.051217272877693176,0.025893064215779305,0.1834574043750763,0.10933095961809158,0.0549921989440918,0.1906866878271103,0.20742300152778625,0.23527440428733826,0.13604463636875153,0.06465496867895126,0.17857608199119568
W,0.07679446786642075,0.027814552187919617,0.1879696398973465,0.1379673331975937,0.07611370086669922,0.1316312700510025,0.411421000957489,0.2547929883003235,0.10970745235681534,0.1447889506816864,0.1269616335630417
Y,0.11990644037723541,0.046376682817935944,0.16454346477985382,0.11863819509744644,0.0781855583190918,0.18156039714813232,0.2586950361728668,0.14723724126815796,0.10413787513971329,0.11730140447616577,0.045059699565172195
sum,7.0443525314331055,11.301074981689453,8.586413383483887,5.3148579597473145,4.957163333892822,5.013154983520508,6.297521114349365,5.240943431854248,7.609063625335693,5.638188362121582,11.612308502197266
posi,1.0,2.0,3.0,4.0,5.0,6.0,7.0,8.0,9.0,10.0,11.0
contrib,0.08960565730728094,0.14375206912126803,0.10922099819762747,0.06760611977508535,0.06305616831794936,0.06376839396909617,0.08010580338502098,0.06666591131350398,0.09678890211680223,0.07171895102577798,0.1477110254705875
