,W,K,K,A,E,A,F,I,Q,P
Y,0.08959560841321945,0.09740348160266876,0.1118815690279007,0.0801912397146225,0.20964574813842773,0.0919463187456131,0.2060711532831192,0.08809645473957062,0.09659361839294434,0.05528642237186432
Y,0.0883224755525589,0.10686366260051727,0.11106815189123154,0.09541172534227371,0.2057718187570572,0.1115608811378479,0.20027713477611542,0.08984789997339249,0.0833544209599495,0.06473354995250702
A,0.21194395422935486,0.20776763558387756,0.19523736834526062,0.09777311235666275,0.2366444617509842,0.15708106756210327,0.19963796436786652,0.3369961380958557,0.11792029440402985,0.1072884202003479
M,1.121307134628296,1.0423473119735718,0.4871416687965393,0.027640575543045998,0.09969672560691833,0.03647777438163757,0.15250229835510254,0.04950347915291786,0.033238332718610764,0.15581923723220825
Y,0.1051417663693428,0.11715996265411377,0.1105741411447525,0.12452476471662521,0.1988828480243683,0.13837219774723053,0.1414480060338974,0.133439302444458,0.09444481879472733,0.1748422384262085
R,0.1439804881811142,0.24462199211120605,0.1658036708831787,0.16713105142116547,0.15563549101352692,0.09196542203426361,0.16725164651870728,0.09415824711322784,0.10451149940490723,0.3611072897911072
N,0.6685937643051147,0.7919166684150696,0.4014849364757538,0.06687796115875244,0.3027181923389435,0.06931442767381668,0.07597815990447998,0.9317991137504578,0.18068961799144745,0.4092733860015869
N,0.7349277138710022,0.7840341925621033,0.4231545925140381,0.06888526678085327,0.3037748634815216,0.08151137828826904,0.08741579949855804,0.9141611456871033,0.16822031140327454,0.33259981870651245
V,0.059126149863004684,0.07053294032812119,0.07342343777418137,0.2132420688867569,0.18598847091197968,0.19296149909496307,0.13304303586483002,0.07905610650777817,0.22746425867080688,0.9153649210929871
A,0.5891305208206177,0.23783840239048004,0.21709021925926208,0.14601849019527435,0.38363009691238403,0.12675774097442627,0.28996095061302185,0.1511029303073883,0.10997310280799866,0.14144819974899292
Q,0.22127608954906464,0.48771730065345764,0.3603062331676483,0.0772988572716713,0.3259580135345459,0.06246333196759224,0.34915804862976074,0.042660437524318695,0.1315614879131317,0.2486000508069992
T,0.19751684367656708,0.07678799331188202,0.08718152344226837,0.10940191149711609,0.11516314744949341,0.09296903759241104,0.19080492854118347,0.15834668278694153,0.19679191708564758,0.0813676044344902
D,0.7263442277908325,0.4949667155742645,0.3690289855003357,0.2919873297214508,0.26074108481407166,0.18543778359889984,0.33199962973594666,0.24281927943229675,0.1641317456960678,0.3215595483779907
V,0.04729003459215164,0.07250359654426575,0.07556982338428497,0.07238723337650299,0.14980639517307281,0.09432651102542877,0.1312982141971588,0.09095501154661179,0.16195723414421082,0.37532341480255127
D,0.5313772559165955,0.39539211988449097,0.35416027903556824,0.2395937740802765,0.22662948071956635,0.1533866971731186,0.5132692456245422,0.21476730704307556,0.21289072930812836,0.4136442244052887
T,0.6014593839645386,0.12363100051879883,0.11767538636922836,0.05536959320306778,0.04631251469254494,0.07802419364452362,0.21826191246509552,0.16688846051692963,0.11483125388622284,0.1100831851363182
L,0.9881478548049927,0.24662071466445923,0.2425238937139511,0.09801256656646729,0.47294434905052185,0.09793312847614288,0.21820995211601257,0.07224196195602417,0.1810898780822754,0.14174646139144897
Y,0.09511211514472961,0.2155110090970993,0.18132129311561584,0.06866675615310669,0.11555145680904388,0.0651511624455452,0.14153018593788147,0.13896676898002625,0.12690496444702148,0.09801465272903442
I,1.2328077554702759,0.36779704689979553,0.2688223421573639,0.15595437586307526,1.027843952178955,0.2151590883731842,0.2643834054470062,0.12818579375743866,0.21022050082683563,0.0957750752568245
M,1.266991376876831,0.6888599395751953,0.3289135992527008,0.045055076479911804,0.22154150903224945,0.08583803474903107,0.08070264756679535,0.5346016883850098,0.12501375377178192,0.1538999229669571
Y,0.10434996336698532,0.1510263979434967,0.13176092505455017,0.07064802199602127,0.14874781668186188,0.07142817974090576,0.11807367205619812,0.1443922072649002,0.15249444544315338,0.10373877733945847
R,0.31830012798309326,0.28027236461639404,0.19955061376094818,0.11167211830615997,0.15583258867263794,0.0616939514875412,0.2201921045780182,0.20759712159633636,0.09248794615268707,0.3902490735054016
D,0.7434703707695007,0.4401848018169403,0.35657578706741333,0.2785363793373108,0.24855950474739075,0.26788878440856934,0.41386678814888,0.3392864465713501,0.1123812273144722,0.9896159172058105
Y,0.06453081220388412,0.097510926425457,0.09541481733322144,0.09136522561311722,0.13792182505130768,0.09053374826908112,0.12425845861434937,0.1169377863407135,0.14791396260261536,0.034696877002716064
T,0.35784193873405457,0.09289147704839706,0.0908416137099266,0.16798843443393707,0.04839218035340309,0.23728275299072266,0.15119993686676025,0.4362780749797821,0.2098766267299652,0.07389134168624878
W,0.06530126184225082,0.17112202942371368,0.14469484984874725,0.1273798644542694,0.044583357870578766,0.10230082273483276,0.12519605457782745,0.10795862227678299,0.35514387488365173,0.28504279255867004
A,0.10655175149440765,0.1187775507569313,0.12412810325622559,0.25105971097946167,0.1384284794330597,0.1521194577217102,0.14561307430267334,0.5288466811180115,0.16598466038703918,0.09744026511907578
V,0.05245630443096161,0.058105479925870895,0.06873761862516403,0.16846546530723572,0.12613141536712646,0.20054841041564941,0.1148480772972107,0.10817816853523254,0.11310295760631561,0.07338149845600128
W,0.10480934381484985,0.10979839414358139,0.10584139078855515,0.2348322719335556,0.03729250654578209,0.33904871344566345,0.16423961520195007,0.24062342941761017,0.1893460601568222,0.2700161039829254
A,0.12838546931743622,0.19216246902942657,0.1960010677576065,0.16925057768821716,0.08617278933525085,0.1504109799861908,0.20922455191612244,0.42114076018333435,0.1046052947640419,0.05828595906496048
Y,0.09099100530147552,0.0868922621011734,0.08460128307342529,0.09114879369735718,0.057472046464681625,0.11991029232740402,0.22341157495975494,0.13568945229053497,0.07722072303295135,0.029403407126665115
T,0.47637253999710083,0.16561166942119598,0.1669008880853653,0.0854845643043518,0.0346226841211319,0.10284488648176193,0.19405314326286316,0.14575332403182983,0.1355745494365692,0.03309172764420509
W,0.08264817297458649,0.2633359134197235,0.24759624898433685,0.0707448348402977,0.027038922533392906,0.07098165899515152,0.12613806128501892,0.07864565402269363,0.1327437311410904,0.07428468763828278
Y,0.059554025530815125,0.11568181216716766,0.10546493530273438,0.03961780294775963,0.06577713042497635,0.05300498381257057,0.25482654571533203,0.08054305613040924,0.0940730944275856,0.02345220372080803
sum,12.475955963134766,9.213645935058594,6.800473213195801,4.259617805480957,6.60185432434082,4.248635292053223,6.678346157073975,7.750464916229248,4.924752712249756,7.294368743896484
posi,1.0,2.0,3.0,4.0,5.0,6.0,7.0,8.0,9.0,10.0
contrib,0.17759844448490786,0.13115862150654378,0.0968064866526983,0.06063675589983029,0.09397909564473084,0.060480416994253536,0.0950679765729218,0.1103298630761845,0.07010512250546808,0.103837216662461
