,Y,E,G,V,W,K,K,A,E
Y,0.16530120372772217,0.19674591720104218,0.16747015714645386,0.1380757987499237,0.0853133574128151,0.12929250299930573,0.11123830825090408,0.08764727413654327,0.20670923590660095
Y,0.20341336727142334,0.23082777857780457,0.2120487093925476,0.13686348497867584,0.07044198364019394,0.11832821369171143,0.1080111712217331,0.11059986054897308,0.18873578310012817
A,0.13948531448841095,0.24301160871982574,0.33796876668930054,0.09154751151800156,0.23682060837745667,0.1631762683391571,0.15632972121238708,0.20935192704200745,0.29185086488723755
M,0.2574799060821533,1.70590341091156,0.3243820369243622,0.02851857990026474,0.9500098824501038,0.16666214168071747,0.19314520061016083,0.1048949807882309,0.13817384839057922
Y,0.19127479195594788,0.16553917527198792,0.3434022068977356,0.10550203174352646,0.0753454938530922,0.14020802080631256,0.12885673344135284,0.15453116595745087,0.1954672932624817
R,0.45461252331733704,0.2069832682609558,0.3454287648200989,0.17683401703834534,0.06135068088769913,0.1369742751121521,0.13083262741565704,0.10120890289545059,0.2537768483161926
N,0.4255185127258301,1.3539505004882812,0.12110677361488342,0.12304534018039703,0.10745254158973694,0.04792015254497528,0.05836085230112076,0.6972439289093018,0.39178818464279175
N,0.4298167824745178,1.39010751247406,0.10316335409879684,0.13091601431369781,0.13964959979057312,0.05601989105343819,0.07053571939468384,0.7102698683738708,0.4337087571620941
V,0.14213374257087708,0.1375548392534256,0.16568003594875336,0.10562175512313843,0.06568020582199097,0.15247149765491486,0.1884329468011856,0.1978054791688919,0.09612730145454407
A,0.17373016476631165,0.36846688389778137,0.3731786012649536,0.10758940875530243,0.7431195378303528,0.10906790941953659,0.10799131542444229,0.09079200029373169,0.8922767043113708
Q,0.17516395449638367,0.7717688083648682,0.24053050577640533,0.09291361272335052,0.3448534309864044,0.11556145548820496,0.10864393413066864,0.0468905083835125,0.4074925482273102
T,0.18035003542900085,0.11970806866884232,0.05784473568201065,0.14039237797260284,0.1228952407836914,0.0651497170329094,0.06534233689308167,0.10294903814792633,0.10585899651050568
D,1.0131090879440308,0.4474523365497589,0.5239047408103943,0.13285118341445923,0.24222113192081451,0.14875340461730957,0.17499767243862152,0.2161920666694641,0.49888816475868225
V,0.08041920512914658,0.14409403502941132,0.2312619388103485,0.0753559097647667,0.06371483206748962,0.16461175680160522,0.17082537710666656,0.13745976984500885,0.11482851207256317
D,0.8995335102081299,0.33715516328811646,0.7822733521461487,0.15365034341812134,0.1143365427851677,0.20994284749031067,0.23913875222206116,0.21728385984897614,0.5115847587585449
T,0.7155311107635498,0.043895263224840164,0.12992309033870697,0.09722582995891571,0.106770820915699,0.14450281858444214,0.14414718747138977,0.07798583805561066,0.06294921040534973
L,0.22132137417793274,0.8328760266304016,0.054292451590299606,0.1601458191871643,0.6266240477561951,0.26827195286750793,0.15438061952590942,0.07936238497495651,0.28063949942588806
Y,0.14709535241127014,0.0852959007024765,0.22538891434669495,0.12183989584445953,0.06888532638549805,0.14687928557395935,0.1572466343641281,0.09159846603870392,0.13916710019111633
I,0.45532047748565674,0.9575320482254028,0.05341310054063797,0.24035653471946716,0.9567538499832153,0.16429850459098816,0.21435482800006866,0.1623377799987793,0.4738844931125641
M,0.5825405120849609,1.9554976224899292,0.0782357007265091,0.05362310633063316,1.4767608642578125,0.07491432130336761,0.09803076833486557,0.0789615660905838,0.11029988527297974
Y,0.1290624588727951,0.13260646164417267,0.34563514590263367,0.10635027289390564,0.07512214779853821,0.14683640003204346,0.12858816981315613,0.08736851811408997,0.11332841962575912
R,0.3793155252933502,0.1677185297012329,0.33124464750289917,0.14039145410060883,0.16418766975402832,0.20531174540519714,0.14828823506832123,0.10356166213750839,0.13976985216140747
D,0.6064256429672241,0.35509583353996277,0.6241090297698975,0.18710172176361084,0.587181568145752,0.3856605291366577,0.36704936623573303,0.3778021037578583,0.27826085686683655
Y,0.07591185718774796,0.0886719673871994,0.19367660582065582,0.07874395698308945,0.05898519232869148,0.19367678463459015,0.1495649516582489,0.09568826109170914,0.10843633115291595
T,0.599505603313446,0.04643472284078598,0.1117430254817009,0.13843654096126556,0.13408373296260834,0.10158225893974304,0.10084918141365051,0.16145780682563782,0.047320716083049774
W,0.3762209117412567,0.0708138570189476,0.1783115267753601,0.06320605427026749,0.07106024771928787,0.09471067786216736,0.1116182878613472,0.17241264879703522,0.08211122453212738
A,0.10504061728715897,0.16946867108345032,0.18931488692760468,0.11767255514860153,0.1584884226322174,0.10158536583185196,0.11157114058732986,0.16815972328186035,0.2709922790527344
V,0.08190284669399261,0.08106185495853424,0.11148097366094589,0.04618069902062416,0.04295922443270683,0.12118331342935562,0.1722744107246399,0.19007888436317444,0.07645545899868011
W,0.24712181091308594,0.03766302764415741,0.09898406267166138,0.06405171006917953,0.10020272433757782,0.1197715476155281,0.13489337265491486,0.38508540391921997,0.0756625235080719
A,0.09061834216117859,0.10315565764904022,0.10328079760074615,0.3013996183872223,0.16470149159431458,0.1121184229850769,0.11414321511983871,0.1547575294971466,0.12936295568943024
Y,0.09544049948453903,0.04794923961162567,0.14204978942871094,0.05090782046318054,0.06980721652507782,0.11393985152244568,0.10383247584104538,0.12947149574756622,0.04850978031754494
T,0.5332918167114258,0.031776852905750275,0.08389081060886383,0.19753140211105347,0.06737647950649261,0.10951454192399979,0.11096090078353882,0.10752250999212265,0.028416384011507034
W,0.19443371891975403,0.04894872009754181,0.2992875874042511,0.06383778154850006,0.06040560081601143,0.1194036453962326,0.15520787239074707,0.1124219074845314,0.03548191487789154
Y,0.09429509937763214,0.04964955151081085,0.23405517637729645,0.07166789472103119,0.06389763951301575,0.17631402611732483,0.1716134250164032,0.08264119923114777,0.0421479269862175
sum,10.661737442016602,13.125381469726562,7.917962074279785,4.040348052978516,8.477458953857422,4.824615478515625,4.861297130584717,6.003796577453613,7.27046537399292
posi,1.0,2.0,3.0,4.0,5.0,6.0,7.0,8.0,9.0
contrib,0.1586968059626826,0.19536741807941274,0.11785652176819965,0.060139384830316805,0.12618446721029491,0.07181297331720177,0.07235896885052436,0.08936473493867628,0.10821872504269088
