,S,E,L,F,R,S,G,L,D
Y,0.2014501988887787,0.1653168499469757,0.210893914103508,0.17253871262073517,0.2193574756383896,0.1403273642063141,0.2122104912996292,0.19162125885486603,0.12995505332946777
Y,0.24244531989097595,0.177315354347229,0.1891380101442337,0.13290807604789734,0.22776101529598236,0.11587421596050262,0.18616178631782532,0.1535022109746933,0.1356467455625534
A,0.18959437310695648,0.1970481127500534,0.13870519399642944,0.1765279620885849,0.20433436334133148,0.2074163258075714,0.253390371799469,0.1659386157989502,0.4379067122936249
M,0.8686007261276245,1.1828277111053467,0.07319162786006927,0.36633747816085815,0.14395342767238617,0.13927902281284332,0.020092139020562172,0.050185397267341614,0.15487147867679596
Y,0.2928217053413391,0.15498915314674377,0.12902720272541046,0.08850143849849701,0.2105482965707779,0.18152427673339844,0.15533152222633362,0.10973267257213593,0.17234061658382416
R,1.03298819065094,0.21193931996822357,0.23215165734291077,0.12146629393100739,0.07507525384426117,0.18884561955928802,0.1743055284023285,0.1222517341375351,0.22887703776359558
N,0.12385949492454529,1.2000393867492676,0.13089939951896667,0.09580998122692108,0.1163075789809227,0.08777952939271927,0.13460801541805267,0.1234782412648201,1.2651911973953247
N,0.12249521911144257,1.1934938430786133,0.1602795422077179,0.11104361712932587,0.12620608508586884,0.08511866629123688,0.19467929005622864,0.14101794362068176,1.2571369409561157
V,0.18354235589504242,0.10426115989685059,0.10061722248792648,0.13890153169631958,0.047281697392463684,0.2144303023815155,0.1509152203798294,0.07456553727388382,0.119418665766716
A,0.22563672065734863,0.3393806219100952,0.20919761061668396,0.2358817160129547,0.26562461256980896,0.3428722321987152,0.28774967789649963,0.13203008472919464,0.7806069254875183
Q,0.21709370613098145,0.6076504588127136,0.16676878929138184,0.2304811179637909,0.3967439830303192,0.159700408577919,0.14198237657546997,0.04942316189408302,0.3099628984928131
T,0.06188875436782837,0.1142934262752533,0.13692860305309296,0.09118138998746872,0.0683014765381813,0.104268878698349,0.1598585695028305,0.1312304139137268,0.1748068779706955
D,0.5164093971252441,0.35023072361946106,1.0656241178512573,0.29634004831314087,0.1855657696723938,0.056169092655181885,0.37086567282676697,0.20823197066783905,0.4604600667953491
V,0.08494982123374939,0.1390524059534073,0.12186747044324875,0.08692727237939835,0.06418091058731079,0.11346587538719177,0.15878823399543762,0.10582485795021057,0.0461931973695755
D,0.4312424659729004,0.20035329461097717,1.1573834419250488,0.4838351011276245,0.15546077489852905,0.04840673878788948,0.4030211567878723,0.15235744416713715,0.710462749004364
T,0.12166310101747513,0.049059897661209106,0.1334453970193863,0.2640320956707001,0.06683143228292465,0.0958053469657898,0.21686333417892456,0.12283426523208618,0.19641046226024628
L,0.19649870693683624,0.5427175760269165,0.33578115701675415,0.4220462441444397,1.0408754348754883,0.11666005104780197,0.052314262837171555,0.39859887957572937,0.5458592772483826
Y,0.2358665019273758,0.08598838001489639,0.16239851713180542,0.17670097947120667,0.2640838623046875,0.17665113508701324,0.1785939335823059,0.17931166291236877,0.15859673917293549
I,0.10976842790842056,1.0947229862213135,0.36637961864471436,0.6900660395622253,0.5465015172958374,0.07678290456533432,0.18509157001972198,0.2993581295013428,1.0369688272476196
M,1.0914230346679688,1.5703855752944946,0.10807257145643234,0.9080680012702942,0.14072199165821075,0.07849796116352081,0.04645099490880966,0.053161218762397766,0.13093450665473938
Y,0.21818643808364868,0.14559383690357208,0.1270589381456375,0.09211044013500214,0.11389507353305817,0.16450123488903046,0.13741378486156464,0.10252565145492554,0.09288036823272705
R,0.6389046907424927,0.180618554353714,0.31092870235443115,0.17674517631530762,0.1169876679778099,0.12725050747394562,0.11625061184167862,0.14580823481082916,0.1042012870311737
D,0.22653314471244812,0.635114848613739,1.0491905212402344,0.30855387449264526,0.21938887238502502,0.05479060485959053,0.1186324805021286,0.14494548738002777,0.27235814929008484
Y,0.14179153740406036,0.12029696255922318,0.14398078620433807,0.09319494664669037,0.09777230024337769,0.12556932866573334,0.13338051736354828,0.11877881735563278,0.14380192756652832
T,0.08220525085926056,0.05721620097756386,0.09732089191675186,0.12324949353933334,0.04964294284582138,0.1041078269481659,0.24865859746932983,0.12120243906974792,0.27657949924468994
W,0.16134628653526306,0.04683103412389755,0.16144061088562012,0.17740032076835632,0.048143692314624786,0.17120355367660522,0.11238334327936172,0.2483844757080078,0.1858704388141632
A,0.16335982084274292,0.15270298719406128,0.1507529318332672,0.16864123940467834,0.14640086889266968,0.1709633767604828,0.14364656805992126,0.12557297945022583,0.610255777835846
V,0.08967124670743942,0.08431296050548553,0.06713132560253143,0.07518152892589569,0.050980694591999054,0.10105361044406891,0.07584258913993835,0.08158203959465027,0.08452344685792923
W,0.16338759660720825,0.027053948491811752,0.25488969683647156,0.14377525448799133,0.04662255197763443,0.23659144341945648,0.052102480083703995,0.31859809160232544,0.23138345777988434
A,0.1237037181854248,0.09690040349960327,0.16055771708488464,0.14390423893928528,0.17556753754615784,0.1306016445159912,0.06570547819137573,0.1917295753955841,0.5691045522689819
Y,0.15451990067958832,0.053688809275627136,0.14069800078868866,0.10595491528511047,0.04420279711484909,0.18534304201602936,0.10656959563493729,0.14129161834716797,0.0990760326385498
T,0.06558624655008316,0.027699008584022522,0.16521531343460083,0.09415969252586365,0.043194714933633804,0.19373375177383423,0.17503632605075836,0.23341083526611328,0.3259040117263794
W,0.12971751391887665,0.03102106600999832,0.1997062861919403,0.14795848727226257,0.05881714075803757,0.11770115047693253,0.26030513644218445,0.2513417601585388,0.1189180538058281
Y,0.16528008878231049,0.05872492864727974,0.18798406422138214,0.13551488518714905,0.07615102827548981,0.12590380012989044,0.2552904188632965,0.1475466936826706,0.1191185936331749
sum,9.074431419372559,11.398843765258789,8.545607566833496,7.275938987731934,5.853484630584717,4.739191055297852,5.6844916343688965,5.337374210357666,11.686582565307617
posi,1.0,2.0,3.0,4.0,5.0,6.0,7.0,8.0,9.0
contrib,0.13038735677034508,0.1637860313338494,0.12278887030402202,0.10454544299132112,0.0841066898415717,0.06809579205268547,0.08167848810958867,0.07669087827332578,0.16792045032329078
