,L,F,R,S,G,L,D,S,Y
Y,0.2404794692993164,0.15224359929561615,0.14345020055770874,0.14744612574577332,0.1866123378276825,0.19079488515853882,0.2372419536113739,0.1346360594034195,0.07962638139724731
Y,0.2494289129972458,0.15299361944198608,0.17004026472568512,0.1303255259990692,0.1982848197221756,0.14952616393566132,0.2355177104473114,0.1196541041135788,0.06860006600618362
A,0.1371188759803772,0.14680512249469757,0.22811725735664368,0.16743047535419464,0.29649999737739563,0.1456308364868164,0.38416585326194763,0.21116653084754944,0.12814514338970184
M,0.18076644837856293,0.15033259987831116,1.1163771152496338,0.4283607602119446,0.03661727160215378,0.0677548423409462,0.13287127017974854,0.33094456791877747,0.3053198456764221
Y,0.13216830790042877,0.12550614774227142,0.11262272298336029,0.14562538266181946,0.16410917043685913,0.1017436757683754,0.25573909282684326,0.1704307198524475,0.08782558143138885
R,0.27972450852394104,0.24517694115638733,0.30861419439315796,0.23920653760433197,0.27572688460350037,0.3835945427417755,0.20206058025360107,0.3009690046310425,0.18154969811439514
N,0.9977169632911682,0.13945211470127106,0.2186049073934555,0.10076155513525009,0.14562241733074188,0.10426852107048035,0.8229227662086487,0.10555647313594818,0.8410123586654663
N,0.9812207818031311,0.1872701197862625,0.20324039459228516,0.10025737434625626,0.12877944111824036,0.11405292898416519,0.7006652355194092,0.100918248295784,0.8649107217788696
V,0.14035408198833466,0.14721989631652832,0.058506183326244354,0.17350581288337708,0.1472611129283905,0.07824989408254623,0.13960814476013184,0.1838739663362503,0.20544670522212982
A,0.10750693827867508,0.12210986763238907,0.2621031403541565,0.4025466740131378,0.19341923296451569,0.15907196700572968,0.40567997097969055,0.3308541476726532,0.2249353528022766
Q,0.3739611506462097,0.21326106786727905,0.22687089443206787,0.21555082499980927,0.20950248837471008,0.07514102756977081,0.1878625750541687,0.09622055292129517,0.26404711604118347
T,0.11113937199115753,0.12289445102214813,0.07153715938329697,0.12407130748033524,0.08402219414710999,0.09537269175052643,0.1280270516872406,0.08201800286769867,0.08755926787853241
D,1.6697190999984741,0.33158645033836365,0.3413189649581909,0.07562032341957092,0.3751775920391083,0.14494526386260986,0.1527484506368637,0.07023389637470245,0.20001858472824097
V,0.10838757455348969,0.08351653814315796,0.0574209950864315,0.08087781816720963,0.2591935098171234,0.07730776071548462,0.09041418135166168,0.10761279612779617,0.150845006108284
D,1.511047601699829,0.531752347946167,0.3421596586704254,0.07240898162126541,0.35068705677986145,0.12838426232337952,0.23567718267440796,0.08747871965169907,0.19956839084625244
T,0.1328951120376587,0.584911048412323,0.07232040166854858,0.07923144102096558,0.0844268649816513,0.09120598435401917,0.10128819197416306,0.07912160456180573,0.11857540905475616
L,0.5759567618370056,0.4954228103160858,1.026099681854248,0.11823686957359314,0.08607218414545059,0.17465367913246155,0.13820260763168335,0.11111044138669968,0.2580430209636688
Y,0.11546970903873444,0.2362585812807083,0.13355623185634613,0.16171394288539886,0.12562312185764313,0.13486114144325256,0.11827290803194046,0.18251825869083405,0.08256369829177856
I,0.7320114970207214,0.23670640587806702,0.5966187119483948,0.1094340905547142,0.1217537522315979,0.19761912524700165,0.2545454204082489,0.12334668636322021,0.4598797559738159
M,0.27384597063064575,0.18254809081554413,1.0222511291503906,0.4317607283592224,0.03345049172639847,0.07531038671731949,0.16987141966819763,0.4248930811882019,0.3181472420692444
Y,0.11920477449893951,0.10863447189331055,0.09966804832220078,0.14324572682380676,0.23799705505371094,0.08919434994459152,0.15219439566135406,0.1629740446805954,0.09790649265050888
R,0.3070489168167114,0.21796460449695587,0.2081095278263092,0.15650148689746857,0.33734428882598877,0.3666815161705017,0.11851053684949875,0.13149386644363403,0.0916782096028328
D,1.1758341789245605,0.34624698758125305,0.328971266746521,0.06449675559997559,0.2796066999435425,0.17990495264530182,0.3062073588371277,0.05911416932940483,0.3829590082168579
Y,0.08750641345977783,0.08103897422552109,0.08594547212123871,0.10661336034536362,0.14140045642852783,0.10475780814886093,0.11338121443986893,0.10873732715845108,0.0771472379565239
T,0.2622233033180237,0.30822813510894775,0.06774138659238815,0.11408759653568268,0.11637812852859497,0.07487492263317108,0.126933291554451,0.10090973973274231,0.1357765793800354
W,0.20124810934066772,0.2533261179924011,0.09668450057506561,0.11929536610841751,0.13702863454818726,0.16956442594528198,0.1864938735961914,0.1605754792690277,0.1776823252439499
A,0.09146656095981598,0.0955316498875618,0.17754854261875153,0.22034887969493866,0.13706189393997192,0.09377732872962952,0.22502478957176208,0.15303324162960052,0.1644357144832611
V,0.07722111791372299,0.09783308953046799,0.037847112864255905,0.06286899000406265,0.06215447187423706,0.06416745483875275,0.0955398753285408,0.10626782476902008,0.12646761536598206
W,0.27430567145347595,0.3267490565776825,0.0951007753610611,0.10617589950561523,0.04589133337140083,0.2560673654079437,0.26280781626701355,0.21137523651123047,0.1549019068479538
A,0.12554499506950378,0.09215732663869858,0.18909190595149994,0.12136338651180267,0.07970292121171951,0.21389581263065338,0.29883289337158203,0.12703685462474823,0.11151713132858276
Y,0.11550590395927429,0.09207051992416382,0.04535520076751709,0.10100765526294708,0.07374489307403564,0.13040122389793396,0.23636968433856964,0.11432532221078873,0.08127637952566147
T,0.23315684497356415,0.2595728933811188,0.06653293967247009,0.08111907541751862,0.11244383454322815,0.16060136258602142,0.22097742557525635,0.09823894500732422,0.10720978677272797
W,0.197914719581604,0.1979830265045166,0.14067955315113068,0.06758716702461243,0.28000372648239136,0.1743314266204834,0.1486160308122635,0.1260194480419159,0.11415667086839676
Y,0.13113348186016083,0.12013089656829834,0.08049113303422928,0.09604184329509735,0.22127531468868256,0.1408597081899643,0.11358412355184555,0.11148665845394135,0.049730345606803894
sum,12.450234413146973,7.185435771942139,8.431596755981445,5.065125942230225,5.764875411987305,4.9085693359375,7.698855400085449,5.125146389007568,6.999464511871338
posi,1.0,2.0,3.0,4.0,5.0,6.0,7.0,8.0,9.0
contrib,0.1956682478628911,0.11292651856760358,0.1325112210085944,0.07960366732328479,0.090600950438354,0.07714321912382675,0.12099543644686349,0.08054695041877971,0.11000378880980219
