,S,D,T,R,Q,M,L,F,Y
Y,0.13799327611923218,0.1196979209780693,0.12513062357902527,0.23836983740329742,0.2290346771478653,0.06192001327872276,0.17272236943244934,0.1183815449476242,0.09645943343639374
Y,0.18342643976211548,0.15960299968719482,0.13277408480644226,0.27895238995552063,0.215996652841568,0.05174186825752258,0.12106639891862869,0.09664299339056015,0.07228131592273712
A,0.14892061054706573,0.3830641210079193,0.10705544054508209,0.1974227875471115,0.12884724140167236,0.06940501183271408,0.17895539104938507,0.18740084767341614,0.119641974568367
M,0.5971290469169617,1.715027093887329,0.38602414727211,0.20612604916095734,0.0381794199347496,0.0585356131196022,0.0731302872300148,0.17261022329330444,0.3750919699668884
Y,0.25074145197868347,0.17734968662261963,0.10033969581127167,0.1727401167154312,0.16606368124485016,0.07420956343412399,0.09447308629751205,0.08475005626678467,0.07526002824306488
R,0.9840286374092102,0.22616922855377197,0.26769161224365234,0.18469373881816864,0.1910860240459442,0.061368804425001144,0.22727736830711365,0.13973209261894226,0.09905076771974564
N,0.12150157243013382,2.032992124557495,0.2231060117483139,0.12222776561975479,0.23253872990608215,0.14864897727966309,0.16653971374034882,0.10643689334392548,0.4438745081424713
N,0.11887010931968689,1.9872888326644897,0.17793986201286316,0.12826956808567047,0.1898382157087326,0.1687270551919937,0.17115981876850128,0.11770983040332794,0.4367676079273224
V,0.171004980802536,0.10567627847194672,0.10392458736896515,0.05329527705907822,0.13445541262626648,0.21131731569766998,0.08358045667409897,0.1270311027765274,0.21182934939861298
A,0.26774531602859497,0.5458035469055176,0.35050317645072937,0.2962768077850342,0.13274037837982178,0.0861431211233139,0.17905853688716888,0.25941354036331177,0.21649184823036194
Q,0.18110935389995575,0.8039631247520447,0.08964856714010239,0.2665373682975769,0.06535478681325912,0.09216300398111343,0.08722883462905884,0.2606768310070038,0.33563530445098877
T,0.09737563133239746,0.2113293558359146,0.07393097877502441,0.06180982664227486,0.3165675401687622,0.17456597089767456,0.08555246144533157,0.11090115457773209,0.07139425724744797
D,0.31230542063713074,0.5224247574806213,0.19890038669109344,0.36460012197494507,0.10380727052688599,0.8914263248443604,0.643436849117279,0.1864604949951172,0.17141151428222656
V,0.05897540599107742,0.06848341971635818,0.06209421902894974,0.06882904469966888,0.14629754424095154,0.07959099858999252,0.07385960221290588,0.12563082575798035,0.12028542160987854
D,0.18655912578105927,0.5388180017471313,0.18690726161003113,0.3683207929134369,0.1316472589969635,0.9525802731513977,0.5139724016189575,0.16211475431919098,0.16604232788085938
T,0.11539092659950256,0.48765602707862854,0.04792945832014084,0.06842318177223206,0.22632138431072235,0.13995960354804993,0.06945204734802246,0.1459931880235672,0.12559282779693604
L,0.19361168146133423,0.3855177164077759,0.1391216665506363,1.0479531288146973,0.12783721089363098,0.16560488939285278,0.22959327697753906,0.2922366261482239,0.307733952999115
Y,0.24085485935211182,0.09563688933849335,0.19027695059776306,0.24150219559669495,0.15913093090057373,0.09310378134250641,0.11642498522996902,0.14617450535297394,0.06597860157489777
I,0.13433392345905304,1.1329363584518433,0.2709927260875702,0.7488524913787842,0.28610649704933167,0.11979570984840393,0.1295851171016693,0.21118135750293732,0.5598007440567017
M,0.8292508125305176,2.065139055252075,0.5162424445152283,0.30990079045295715,0.05280158296227455,0.09445972740650177,0.06647305935621262,0.15671224892139435,0.31108343601226807
Y,0.17550083994865417,0.11282418668270111,0.14035040140151978,0.13524150848388672,0.16351370513439178,0.059050336480140686,0.07117438316345215,0.08085940778255463,0.10771288722753525
R,0.6371014714241028,0.17710688710212708,0.28564947843551636,0.27846288681030273,0.12076941132545471,0.1319066733121872,0.23706881701946259,0.13854090869426727,0.0540870726108551
D,0.1097559928894043,1.0802741050720215,0.3036370575428009,0.1992289423942566,0.13032305240631104,0.8297635912895203,0.3676570951938629,0.28424638509750366,0.14383435249328613
Y,0.1296207457780838,0.06526704132556915,0.14922665059566498,0.07760503888130188,0.12828131020069122,0.08973179757595062,0.0988902747631073,0.092460036277771,0.07789257168769836
T,0.1638386994600296,0.7884166836738586,0.05803342163562775,0.04273001104593277,0.1587153673171997,0.5629143714904785,0.06237819790840149,0.0824098214507103,0.1036360114812851
W,0.13664139807224274,0.09153390675783157,0.09348344802856445,0.07284314185380936,0.25355422496795654,0.4391416311264038,0.15576593577861786,0.1827836036682129,0.15045005083084106
A,0.1580754667520523,0.447306364774704,0.41306832432746887,0.13755996525287628,0.09902739524841309,0.11010362952947617,0.1016082763671875,0.13909834623336792,0.14625968039035797
V,0.08116608113050461,0.07414416968822479,0.059067241847515106,0.03665216267108917,0.07551942765712738,0.24691511690616608,0.05730165168642998,0.09588121622800827,0.090144082903862
W,0.16573336720466614,0.17779016494750977,0.08070945739746094,0.06910310685634613,0.2084849327802658,0.4587796926498413,0.30059921741485596,0.1806117296218872,0.09600570052862167
A,0.1634785681962967,0.4425266981124878,0.21784254908561707,0.14635807275772095,0.08803237229585648,0.08194814622402191,0.22477786242961884,0.2034209668636322,0.07815053313970566
Y,0.12174955755472183,0.07883196324110031,0.15028023719787598,0.04988623410463333,0.11666405200958252,0.06509532034397125,0.10400977730751038,0.10650940984487534,0.07314082980155945
T,0.06769617646932602,0.5420674681663513,0.03277788311243057,0.05173474922776222,0.29863908886909485,0.14666463434696198,0.14279359579086304,0.09375493973493576,0.06636898219585419
W,0.07077686488628387,0.09718552976846695,0.045976463705301285,0.12209160625934601,0.14442768692970276,0.09604819118976593,0.16004246473312378,0.20846189558506012,0.09813132882118225
Y,0.10638222843408585,0.0750633254647255,0.11145401746034622,0.07536295801401138,0.12765146791934967,0.06202761083841324,0.11307298392057419,0.12475147098302841,0.04732564836740494
sum,7.618646621704102,18.01491355895996,5.892090797424316,6.91996431350708,5.388257026672363,7.17535924911499,5.680682182312012,5.221980571746826,5.714847564697266
posi,1.0,2.0,3.0,4.0,5.0,6.0,7.0,8.0,9.0
contrib,0.11265730699449317,0.2663874239171705,0.08712664004048354,0.10232585690965289,0.07967642498206416,0.10610239454084486,0.08400053032092546,0.07721768676271461,0.08450573553165078
