,K,V,Y,E,G,V,W,K,K,A
Y,0.08305031806230545,0.07568983733654022,0.18269555270671844,0.30140775442123413,0.17367148399353027,0.12584809958934784,0.12507504224777222,0.12723882496356964,0.10865620523691177,0.09842370450496674
Y,0.09988357126712799,0.07809147983789444,0.18227148056030273,0.35296905040740967,0.20279133319854736,0.10842013359069824,0.10521813482046127,0.1251559555530548,0.1110042929649353,0.11135147511959076
A,0.2470186948776245,0.07457629591226578,0.18303467333316803,0.2363516390323639,0.2137860506772995,0.0731959342956543,0.41636911034584045,0.2111600786447525,0.1909671127796173,0.1630488932132721
M,1.3826824426651,0.11765684187412262,0.20212221145629883,0.5820667147636414,0.05414045974612236,0.03990273177623749,0.7333765625953674,0.10071215033531189,0.1465073823928833,0.07369010150432587
Y,0.1371966004371643,0.08492176979780197,0.14987614750862122,0.2032908946275711,0.23311872780323029,0.08534354716539383,0.0785745233297348,0.14572852849960327,0.15976469218730927,0.12926970422267914
R,0.4292244017124176,0.5273675918579102,0.13052409887313843,0.19043752551078796,0.43475568294525146,0.11119577288627625,0.08540856093168259,0.19242419302463531,0.1744121015071869,0.13303358852863312
N,1.279227614402771,0.28700366616249084,0.18209105730056763,0.28692886233329773,0.10710769891738892,0.2602789103984833,0.0755484327673912,0.1259351521730423,0.6090771555900574,0.8991055488586426
N,1.285532832145691,0.24658377468585968,0.1960512399673462,0.2963443398475647,0.09352017194032669,0.3065195381641388,0.13951656222343445,0.13702107965946198,0.587421178817749,0.7626945376396179
V,0.12597131729125977,0.1628691703081131,0.1677219122648239,0.1455073058605194,0.1785958856344223,0.1195288747549057,0.09312781691551208,0.28392964601516724,0.22234126925468445,0.15526734292507172
A,0.21503612399101257,0.049243226647377014,0.2530149519443512,0.25298136472702026,0.2368861883878708,0.06772060692310333,0.735781192779541,0.18387918174266815,0.3344213664531708,0.14633658528327942
Q,0.3043552041053772,0.13780097663402557,0.31446197628974915,0.4471381902694702,0.1470312923192978,0.14367419481277466,0.2950576841831207,0.13974623382091522,0.14721864461898804,0.09863004088401794
T,0.05633631721138954,0.12188182026147842,0.15548543632030487,0.18425685167312622,0.06208816170692444,0.10429982841014862,0.17245160043239594,0.06511715799570084,0.060183823108673096,0.10038798302412033
D,0.6103427410125732,0.1847226470708847,0.6306762099266052,0.2976073622703552,0.34936514496803284,0.07325306534767151,0.27601879835128784,0.3605744540691376,0.3286084532737732,0.2404613047838211
V,0.07166671007871628,0.13784387707710266,0.10521707683801651,0.09319968521595001,0.2373778522014618,0.08230672776699066,0.0806194543838501,0.22212933003902435,0.17661169171333313,0.08040966838598251
D,0.550775408744812,0.12834618985652924,0.6166238188743591,0.23341049253940582,0.40239378809928894,0.06329039484262466,0.20853553712368011,0.5110878348350525,0.36347275972366333,0.2773893475532532
T,0.16582778096199036,0.15230657160282135,0.29502758383750916,0.0770670548081398,0.07532401382923126,0.11265309154987335,0.18946848809719086,0.12154164910316467,0.10398890823125839,0.0682842805981636
L,0.31353020668029785,0.09934823960065842,0.43810543417930603,0.322546124458313,0.04929900914430618,0.07607436180114746,0.6335648894309998,0.15807713568210602,0.12979647517204285,0.09807569533586502
Y,0.2772126793861389,0.07985881716012955,0.10805882513523102,0.12481768429279327,0.15166033804416656,0.07996214926242828,0.0744251012802124,0.17034055292606354,0.1729264110326767,0.10082196444272995
I,0.3987172544002533,0.11887567490339279,0.1460234671831131,0.9670904278755188,0.03630384802818298,0.08375611901283264,0.9871219396591187,0.38008326292037964,0.41061660647392273,0.09384715557098389
M,0.8778173327445984,0.1788015067577362,0.11884061992168427,1.2007420063018799,0.013792592100799084,0.08708960562944412,1.099640965461731,0.09114746004343033,0.15109814703464508,0.08860451728105545
Y,0.17854712903499603,0.09718991070985794,0.0844556987285614,0.13487564027309418,0.34995830059051514,0.09814772009849548,0.07021571695804596,0.14290186762809753,0.14858528971672058,0.08627934753894806
R,0.46553367376327515,0.34746959805488586,0.11258337646722794,0.11318331956863403,0.26727885007858276,0.11509070545434952,0.14667917788028717,0.1574612706899643,0.18384584784507751,0.15776528418064117
D,0.441264271736145,0.5271437764167786,0.28561967611312866,0.20677269995212555,0.1268533170223236,0.1392928659915924,0.9239159226417542,0.4649975895881653,0.2458808869123459,0.28416141867637634
Y,0.09500939399003983,0.08646509051322937,0.08143550157546997,0.09513562172651291,0.16969197988510132,0.06779982894659042,0.07225006818771362,0.11149690300226212,0.1095990389585495,0.09584735333919525
T,0.09022711217403412,0.20555303990840912,0.2067611962556839,0.10342243313789368,0.11177859455347061,0.17274928092956543,0.14200714230537415,0.09145510196685791,0.0817658007144928,0.17820404469966888
W,0.1656024307012558,0.0867185890674591,0.3159671723842621,0.05654461681842804,0.1606544852256775,0.11647465825080872,0.13335318863391876,0.15306799113750458,0.11736982315778732,0.24386392533779144
A,0.12251423299312592,0.07337597757577896,0.19436292350292206,0.15207539498806,0.11960113793611526,0.07927008718252182,0.19995564222335815,0.12746095657348633,0.11820288747549057,0.17811675369739532
V,0.06779284030199051,0.0851459801197052,0.09643659740686417,0.12611232697963715,0.11218462884426117,0.06263642013072968,0.06522819399833679,0.24144519865512848,0.14422829449176788,0.13520655035972595
W,0.08182555437088013,0.1686425507068634,0.145513653755188,0.02747306413948536,0.07168802618980408,0.14699123799800873,0.1713358610868454,0.20292004942893982,0.17607800662517548,0.38394737243652344
A,0.16991397738456726,0.10924180597066879,0.1377190500497818,0.07113455981016159,0.05554874986410141,0.0996735692024231,0.23432278633117676,0.10171294957399368,0.08125420659780502,0.13809840381145477
Y,0.0719851404428482,0.06781855970621109,0.07970131188631058,0.05743725225329399,0.13848751783370972,0.08618082106113434,0.10175790637731552,0.11807569116353989,0.0899263545870781,0.09151782095432281
T,0.12999165058135986,0.21490655839443207,0.21587225794792175,0.04634665325284004,0.07607338577508926,0.11261055618524551,0.09175026416778564,0.12174268066883087,0.08859799057245255,0.1590825319290161
W,0.27106809616088867,0.08953072130680084,0.1432250589132309,0.031085973605513573,0.25976884365081787,0.08309878408908844,0.08889341354370117,0.19445683062076569,0.12414393573999405,0.11101842671632767
Y,0.12551641464233398,0.06783051788806915,0.09933457523584366,0.06394608318805695,0.21778839826583862,0.06961184740066528,0.10175441205501556,0.15639403462409973,0.08635532110929489,0.050639763474464417
sum,11.38819694519043,5.2708234786987305,6.956912040710449,8.081707954406738,5.690365791320801,3.653942108154297,9.148320198059082,6.238619804382324,6.484927654266357,6.2128825187683105
posi,1.0,2.0,3.0,4.0,5.0,6.0,7.0,8.0,9.0,10.0
contrib,0.16474382826464498,0.07624873736967869,0.10064001597470425,0.11691152811403505,0.08231791645333973,0.05285862319135195,0.1323413441893041,0.09024906353552603,0.09381219985261144,0.08987674305480377
