,W,K,K,A,E,A,F,I,Q
Y,0.08177187293767929,0.09729506075382233,0.11027784645557404,0.08341967314481735,0.22238461673259735,0.0923239141702652,0.19862067699432373,0.11320243775844574,0.08032312989234924
Y,0.08739279210567474,0.10545556247234344,0.10807228088378906,0.09665058553218842,0.22256316244602203,0.11218421161174774,0.19735217094421387,0.11207019537687302,0.07015020400285721
A,0.19231222569942474,0.22684592008590698,0.2075384259223938,0.11670701205730438,0.24422745406627655,0.19189921021461487,0.1655818521976471,0.20948760211467743,0.11998200416564941
M,1.2005181312561035,0.8747268319129944,0.410749226808548,0.0359530933201313,0.08126860857009888,0.0434640571475029,0.13502433896064758,0.049175627529621124,0.024740558117628098
Y,0.10952408611774445,0.11927564442157745,0.11027486622333527,0.121878981590271,0.19844818115234375,0.13664604723453522,0.13892461359500885,0.13119304180145264,0.08836138993501663
R,0.13802993297576904,0.25287508964538574,0.17810401320457458,0.14707878232002258,0.15224120020866394,0.0888877734541893,0.17405332624912262,0.22439534962177277,0.11846652626991272
N,0.8038431406021118,0.5882154107093811,0.3151935636997223,0.06605139374732971,0.2432728111743927,0.07212114334106445,0.08347158879041672,0.913870096206665,0.19961673021316528
N,0.8494665622711182,0.5833917856216431,0.35491007566452026,0.06642305850982666,0.2369939535856247,0.07683815807104111,0.09508504718542099,0.9147390723228455,0.19349047541618347
V,0.06288213282823563,0.08831208944320679,0.08542021363973618,0.21401521563529968,0.23137815296649933,0.1793314665555954,0.14925067126750946,0.0820656344294548,0.20328202843666077
A,0.4996683895587921,0.2773839235305786,0.24985013902187347,0.15408378839492798,0.31137001514434814,0.13963542878627777,0.24162521958351135,0.13213790953159332,0.10760590434074402
Q,0.22003939747810364,0.5336817502975464,0.40173962712287903,0.09860517829656601,0.34184640645980835,0.07823793590068817,0.28807997703552246,0.04439884424209595,0.14865742623806
T,0.19301465153694153,0.07167913764715195,0.07869523018598557,0.08800694346427917,0.10322782397270203,0.07696366310119629,0.17449814081192017,0.15000896155834198,0.11812558770179749
D,0.948609471321106,0.5292308330535889,0.4019927978515625,0.23276087641716003,0.20425184071063995,0.15767043828964233,0.34567001461982727,0.4674479365348816,0.14950042963027954
V,0.042681314051151276,0.08352456986904144,0.08426262438297272,0.0720597580075264,0.18512973189353943,0.09074919670820236,0.12196613103151321,0.08316219598054886,0.11710552871227264
D,0.7041462659835815,0.44433727860450745,0.39159756898880005,0.196576327085495,0.16492946445941925,0.13461510837078094,0.5100042819976807,0.38709017634391785,0.20479412376880646
T,0.5796759724617004,0.12015853822231293,0.12112811952829361,0.04694728925824165,0.04791472479701042,0.06561083346605301,0.17476345598697662,0.17980608344078064,0.07233784347772598
L,1.03031325340271,0.2669869661331177,0.2525705099105835,0.10719048976898193,0.39634865522384644,0.10370269417762756,0.2001456320285797,0.07651356607675552,0.2011570930480957
Y,0.10125084221363068,0.20749644935131073,0.1792030930519104,0.06433895230293274,0.11962219327688217,0.061020392924547195,0.12040069699287415,0.1332780420780182,0.10641055554151535
I,1.2663447856903076,0.3730020225048065,0.2829744517803192,0.15834197402000427,0.7638181447982788,0.20436175167560577,0.2813275456428528,0.17635169625282288,0.23575937747955322
M,1.4922301769256592,0.6422981023788452,0.29006269574165344,0.03478996455669403,0.14774300158023834,0.0644577294588089,0.07085051387548447,0.3943454921245575,0.06552741676568985
Y,0.10323032736778259,0.15143121778964996,0.13379359245300293,0.07124534249305725,0.16289740800857544,0.07410119473934174,0.10340511798858643,0.14823848009109497,0.10338065028190613
R,0.24879658222198486,0.26342064142227173,0.1924026906490326,0.0749768316745758,0.1752595752477646,0.05092011019587517,0.17538797855377197,0.5206827521324158,0.09445009380578995
D,1.2255126237869263,0.517317533493042,0.4132559597492218,0.24197708070278168,0.22576072812080383,0.22511549293994904,0.3861296772956848,0.43520089983940125,0.15065956115722656
Y,0.053455062210559845,0.0958227813243866,0.09146638214588165,0.09197432547807693,0.14278239011764526,0.08402763307094574,0.10116686671972275,0.12284214794635773,0.11790205538272858
T,0.333667129278183,0.0754614993929863,0.0750441774725914,0.1371220052242279,0.050055284053087234,0.19218969345092773,0.14953263103961945,0.42556247115135193,0.1520557850599289
W,0.061077866703271866,0.15495142340660095,0.1467762589454651,0.13151440024375916,0.04686452075839043,0.09868838638067245,0.12269466370344162,0.13397826254367828,0.5212270617485046
A,0.09675642102956772,0.12242716550827026,0.12383085489273071,0.25727468729019165,0.13357943296432495,0.16771283745765686,0.12002018094062805,0.43278229236602783,0.1586456149816513
V,0.047550398856401443,0.05769263207912445,0.06499458849430084,0.13651232421398163,0.14085301756858826,0.16043786704540253,0.1158941388130188,0.1019996926188469,0.10057476162910461
W,0.11277607083320618,0.10133392363786697,0.09695098549127579,0.19014662504196167,0.035631947219371796,0.23349256813526154,0.16286543011665344,0.32058998942375183,0.19196490943431854
A,0.1230582743883133,0.18469692766666412,0.17372535169124603,0.15053246915340424,0.08135658502578735,0.13176140189170837,0.17382363975048065,0.3364214599132538,0.08572489023208618
Y,0.07880867272615433,0.08558076620101929,0.08084909617900848,0.07597128301858902,0.054228536784648895,0.09295220673084259,0.1994476318359375,0.15639184415340424,0.0561499148607254
T,0.38845935463905334,0.1435263752937317,0.14371129870414734,0.07260104268789291,0.0338016040623188,0.09020023047924042,0.1443568766117096,0.1847923845052719,0.09190882742404938
W,0.09663306176662445,0.2302245944738388,0.23121801018714905,0.06192433834075928,0.02886354736983776,0.056982625275850296,0.09848181903362274,0.07705710828304291,0.1260029673576355
Y,0.05885232985019684,0.11522453278303146,0.10344001650810242,0.035224396735429764,0.07097581028938293,0.04375774785876274,0.21353676915168762,0.08938618004322052,0.061629053205251694
sum,13.632349014282227,8.785285949707031,6.686076641082764,3.9308762550354004,6.001890659332275,3.873060703277588,6.133439540863037,8.460665702819824,4.637670516967773
posi,1.0,2.0,3.0,4.0,5.0,6.0,7.0,8.0,9.0
contrib,0.21937657769120134,0.1413759260173108,0.10759470801144597,0.06325704977578117,0.09658454541778971,0.062326661486230374,0.09870147650568141,0.13615202229119733,0.07463103280336186
