,A,E,A,F,I,Q,S,A
Y,0.08541559427976608,0.1931416243314743,0.07118251174688339,0.15528042614459991,0.09998815506696701,0.2591198682785034,0.1014515832066536,0.0849417969584465
Y,0.10055669397115707,0.2079917937517166,0.08292470127344131,0.11780911684036255,0.09220847487449646,0.23597116768360138,0.10221357643604279,0.09145127236843109
A,0.09268958866596222,0.311885803937912,0.10006923228502274,0.09765225648880005,0.07712671160697937,0.09777628630399704,0.10664492845535278,0.10686976462602615
M,0.15266084671020508,1.7111036777496338,0.15849533677101135,0.455469012260437,0.0874466747045517,0.0878886952996254,0.12012296169996262,0.09059831500053406
Y,0.18553613126277924,0.17154963314533234,0.12040125578641891,0.07554656267166138,0.10426416248083115,0.1671009212732315,0.1415470540523529,0.11290063709020615
Q,0.16069717705249786,1.8754682540893555,0.17423343658447266,0.2580874562263489,0.10092732310295105,0.08729861676692963,0.07430456578731537,0.05847405642271042
E,0.12464656680822372,0.2224854826927185,0.10563284158706665,0.14900757372379303,0.13578200340270996,0.10264620184898376,0.10952632874250412,0.07172369211912155
N,0.2500929534435272,1.3959167003631592,0.1785983145236969,0.16799528896808624,0.5226295590400696,0.11578801274299622,0.06973482668399811,0.22751493752002716
V,0.1538933664560318,0.10634521394968033,0.13208818435668945,0.08684418350458145,0.09962253272533417,0.13806259632110596,0.16591325402259827,0.12132706493139267
A,0.1275467425584793,0.4286305010318756,0.17100051045417786,0.13673530519008636,0.09804032742977142,0.08262254297733307,0.3247219920158386,0.11661411076784134
Q,0.12173625826835632,0.9807204008102417,0.136965811252594,0.24934011697769165,0.0593283511698246,0.09704853594303131,0.1406404972076416,0.07797015458345413
T,0.2825002372264862,0.09537173807621002,0.1708741933107376,0.08855941891670227,0.21312901377677917,0.30505943298339844,0.09100476652383804,0.1266506463289261
D,0.31583020091056824,0.4856690466403961,0.42455345392227173,0.49046921730041504,0.35740381479263306,0.08330535143613815,0.06713411211967468,0.27321210503578186
V,0.08973629772663116,0.15736901760101318,0.06318412721157074,0.05084672197699547,0.07028365880250931,0.1693229079246521,0.07893472164869308,0.0904514491558075
D,0.26124879717826843,0.3599005937576294,0.3933089077472687,0.6455190777778625,0.16233991086483002,0.06227850541472435,0.055120546370744705,0.3237755298614502
T,0.3168346881866455,0.042646218091249466,0.10942703485488892,0.14600062370300293,0.24519412219524384,0.2573052942752838,0.08282197266817093,0.1194637268781662
L,0.08600130677223206,0.9278886914253235,0.07444790005683899,0.5510916709899902,0.17661699652671814,0.1406230479478836,0.1385747343301773,0.07722309976816177
Y,0.09303353726863861,0.08595970273017883,0.0782124325633049,0.12356388568878174,0.13572487235069275,0.16073106229305267,0.1838761568069458,0.0886838287115097
I,0.152119442820549,1.1381736993789673,0.07130098342895508,0.6519391536712646,0.2652580142021179,0.15454857051372528,0.10303075611591339,0.15765880048274994
I,0.1829356700181961,1.120875358581543,0.0818592831492424,0.5681391954421997,0.2637489140033722,0.15894339978694916,0.08540255576372147,0.1355603188276291
Y,0.11985452473163605,0.1355447620153427,0.08960285782814026,0.08193016797304153,0.15906178951263428,0.18330538272857666,0.13971471786499023,0.06835541874170303
R,0.29968351125717163,0.17514370381832123,0.2509121596813202,0.21536590158939362,0.20087045431137085,0.15034687519073486,0.060493361204862595,0.07349599897861481
D,0.37515726685523987,0.5655987858772278,0.4867187738418579,0.8063311576843262,0.20232470333576202,0.04575568810105324,0.025842251256108284,0.30560147762298584
Y,0.09053465723991394,0.0940447449684143,0.09020751714706421,0.07216311991214752,0.12635312974452972,0.12540139257907867,0.09546241909265518,0.07807493209838867
T,0.32087400555610657,0.05873086303472519,0.15843965113162994,0.12067597359418869,0.5487410426139832,0.12464927136898041,0.068105548620224,0.1493791937828064
W,0.22145743668079376,0.039603959769010544,0.1942456066608429,0.20418253540992737,0.13784191012382507,0.19178074598312378,0.18045781552791595,0.1695644110441208
A,0.17806686460971832,0.1682422161102295,0.27590838074684143,0.09444814175367355,0.114481620490551,0.07567626237869263,0.1310703605413437,0.15626555681228638
A,0.1908053457736969,0.1429194211959839,0.25293540954589844,0.09435117989778519,0.1371382474899292,0.08303996175527573,0.13002847135066986,0.17363177239894867
Q,0.1756758689880371,0.39370104670524597,0.21624356508255005,0.18141449987888336,0.1765546202659607,0.08383077383041382,0.12875334918498993,0.19951783120632172
A,0.17722125351428986,0.10646407306194305,0.22724388539791107,0.08442050218582153,0.15032730996608734,0.07661956548690796,0.11930979788303375,0.14025786519050598
Y,0.11810459196567535,0.045570068061351776,0.10253666341304779,0.09492380172014236,0.139786958694458,0.10765870660543442,0.1244310662150383,0.10151909291744232
R,0.4139167368412018,0.07911644876003265,0.31542980670928955,0.17457278072834015,0.19122762978076935,0.1675722599029541,0.15891148149967194,0.07627004384994507
W,0.16240230202674866,0.04152265936136246,0.1188565045595169,0.09471320360898972,0.09997428208589554,0.1494162678718567,0.11165931075811386,0.08907802402973175
Y,0.048177942633628845,0.049894753843545914,0.04311351850628853,0.08813514560461044,0.07817370444536209,0.14287319779396057,0.08092130720615387,0.06724581867456436
sum,6.227643966674805,14.115191459655762,5.721155166625977,7.673524856567383,5.829919815063477,4.671367645263672,3.897883415222168,4.401322841644287
posi,1.0,2.0,3.0,4.0,5.0,6.0,7.0,8.0
contrib,0.11853597167933753,0.26866627958559264,0.10889554547967702,0.14605663553442197,0.11096575427065651,0.08891405897090884,0.07419168478297519,0.08377406969643028
