,V,W,K,K,A,E,A,F,I
Y,0.09559363126754761,0.07138858735561371,0.11948279291391373,0.13482388854026794,0.08595218509435654,0.20754995942115784,0.09441471844911575,0.19859960675239563,0.11244181543588638
Y,0.09474693238735199,0.07536803185939789,0.12574425339698792,0.12880389392375946,0.09973638504743576,0.19637911021709442,0.11064775288105011,0.18677367269992828,0.10192124545574188
A,0.07311995327472687,0.20907367765903473,0.2426905632019043,0.21429887413978577,0.15147638320922852,0.282054603099823,0.17538978159427643,0.2215173840522766,0.1798454225063324
M,0.14101549983024597,1.2523411512374878,0.7468154430389404,0.23201200366020203,0.05894634127616882,0.0708312839269638,0.056933388113975525,0.13041408360004425,0.0964139848947525
Y,0.0909435972571373,0.07912097126245499,0.12277005612850189,0.11922506242990494,0.15500108897686005,0.19933827221393585,0.1359255462884903,0.12832008302211761,0.11643731594085693
R,0.41670697927474976,0.12096080183982849,0.21065860986709595,0.13274499773979187,0.08122476190328598,0.22495025396347046,0.06920520961284637,0.14805413782596588,0.18916982412338257
N,0.3763033449649811,0.8729289770126343,0.5485435724258423,0.24963679909706116,0.07311484217643738,0.3053123950958252,0.10137256234884262,0.1203780472278595,0.972281813621521
N,0.3337855041027069,0.8863574862480164,0.5968207120895386,0.2581840753555298,0.07780081778764725,0.319283664226532,0.1147884875535965,0.14105729758739471,0.9458197355270386
V,0.11257687211036682,0.05892467871308327,0.09630168229341507,0.1019689217209816,0.2109909951686859,0.26199108362197876,0.17212091386318207,0.15661387145519257,0.09577709436416626
A,0.0524958036839962,0.6707125902175903,0.2933218479156494,0.23890568315982819,0.14947162568569183,0.4557303786277771,0.14345166087150574,0.25391310453414917,0.11036510020494461
Q,0.1654086709022522,0.19963005185127258,0.4803427457809448,0.3528237044811249,0.08964487910270691,0.371559202671051,0.0651729479432106,0.26335668563842773,0.09114665538072586
T,0.15093661844730377,0.1811533272266388,0.07164590060710907,0.07578426599502563,0.10733763128519058,0.12243536859750748,0.09048597514629364,0.21607477962970734,0.16078150272369385
D,0.11860183626413345,1.008366346359253,0.45966458320617676,0.3125469982624054,0.18509642779827118,0.25443539023399353,0.17460818588733673,0.3554324507713318,0.4332316219806671
V,0.0969512090086937,0.0388757660984993,0.09112333506345749,0.11254468560218811,0.09527312219142914,0.15528926253318787,0.0969899371266365,0.13409414887428284,0.08283582329750061
D,0.11792004853487015,0.7320578098297119,0.4864886403083801,0.36665070056915283,0.18847507238388062,0.23017828166484833,0.18705858290195465,0.4786701798439026,0.356857031583786
T,0.17717355489730835,0.4300270080566406,0.14699706435203552,0.1200961023569107,0.07129760831594467,0.057606589049100876,0.07914593815803528,0.24867559969425201,0.2185252159833908
L,0.11597717553377151,1.0857902765274048,0.27771973609924316,0.2678578197956085,0.11433080583810806,0.4625633955001831,0.07527048885822296,0.3432494103908539,0.12366379797458649
Y,0.0812058225274086,0.09784893691539764,0.2177560031414032,0.17052605748176575,0.07132794708013535,0.1260502189397812,0.06862544268369675,0.14805760979652405,0.13403137028217316
I,0.16074594855308533,0.9950878620147705,0.3256221413612366,0.2057839184999466,0.20936785638332367,0.996959388256073,0.17778758704662323,0.4923917353153229,0.19009795784950256
M,0.34013885259628296,1.4602054357528687,0.49590370059013367,0.139529749751091,0.09552939236164093,0.21696612238883972,0.10515846312046051,0.06719440221786499,0.49871987104415894
Y,0.10266566276550293,0.09496486932039261,0.1622757613658905,0.12980343401432037,0.07775431871414185,0.15770478546619415,0.07578127831220627,0.11411793529987335,0.16112716495990753
R,0.28619545698165894,0.23069557547569275,0.2475351244211197,0.14723920822143555,0.051527418196201324,0.17200082540512085,0.050966307520866394,0.13526292145252228,0.3693973124027252
D,0.21284085512161255,1.435963749885559,0.40325242280960083,0.32087552547454834,0.2572355270385742,0.2956046760082245,0.2978333532810211,0.3420318365097046,0.3962036371231079
Y,0.09830229729413986,0.0521140992641449,0.09620368480682373,0.09714150428771973,0.10787078738212585,0.1531999260187149,0.0959593802690506,0.12542635202407837,0.13017620146274567
T,0.22252196073532104,0.22215843200683594,0.09633346647024155,0.09018830209970474,0.2312481552362442,0.05471019074320793,0.18298368155956268,0.1756824404001236,0.4405812621116638
W,0.1387345790863037,0.06445921957492828,0.21625898778438568,0.18502646684646606,0.10414266586303711,0.06982757151126862,0.12056729942560196,0.18065889179706573,0.19595587253570557
A,0.0727669969201088,0.13584885001182556,0.15151995420455933,0.1354387402534485,0.2132205367088318,0.18783746659755707,0.17844559252262115,0.15299011766910553,0.3896107077598572
V,0.0771782323718071,0.04508260637521744,0.08164837956428528,0.10025796294212341,0.16955195367336273,0.15603210031986237,0.20501911640167236,0.13197870552539825,0.10543019324541092
W,0.22015798091888428,0.09382384270429611,0.11107536405324936,0.10500594973564148,0.23773856461048126,0.06529109925031662,0.2845098376274109,0.16054312884807587,0.3365710973739624
A,0.09737921506166458,0.16916178166866302,0.19688406586647034,0.14724218845367432,0.15261681377887726,0.10169936716556549,0.1577368527650833,0.19434766471385956,0.2720317542552948
Y,0.07405281811952591,0.06323150545358658,0.09086530655622482,0.08951348066329956,0.09623762220144272,0.07437753677368164,0.10137065500020981,0.1876773089170456,0.14064949750900269
T,0.2331525683403015,0.2265622615814209,0.1587233692407608,0.13932649791240692,0.09599129110574722,0.0362420529127121,0.09918590635061264,0.21654345095157623,0.21088595688343048
W,0.13157391548156738,0.07939581573009491,0.3056791126728058,0.2793496251106262,0.055626239627599716,0.02582775242626667,0.06889619678258896,0.15126071870326996,0.08889872580766678
Y,0.0712781548500061,0.05258498340845108,0.11816933751106262,0.1303277164697647,0.04341409355401993,0.06732920557260513,0.05080081894993782,0.26215529441833496,0.07974030077457428
sum,5.3511481285095215,13.492267608642578,8.592839241027832,6.031484603881836,4.265571594238281,7.135149002075195,4.2646098136901855,6.9635162353515625,8.527623176574707
posi,1.0,2.0,3.0,4.0,5.0,6.0,7.0,8.0,9.0
contrib,0.0828040788098058,0.20878038947133626,0.13296625707729076,0.09333165789583005,0.06600578380112153,0.11040984590574307,0.06599090113474981,0.10775398723750484,0.13195709866661787
