,S,E,L,F,R,S,G,L,D,S
Y,0.19808250665664673,0.14349734783172607,0.20945732295513153,0.1648372858762741,0.2273252010345459,0.10978725552558899,0.24157918989658356,0.18122538924217224,0.1648380309343338,0.08839064091444016
Y,0.2365754246711731,0.15233765542507172,0.18981032073497772,0.12703485786914825,0.24280382692813873,0.09399845451116562,0.21046565473079681,0.14902424812316895,0.17060351371765137,0.08483588695526123
A,0.1836901605129242,0.15403977036476135,0.13445283472537994,0.18351976573467255,0.1639845371246338,0.18938657641410828,0.26093825697898865,0.15236496925354004,0.4154350459575653,0.1469198316335678
M,0.8777278065681458,1.111540675163269,0.08441217243671417,0.3852158486843109,0.1830117255449295,0.05750401318073273,0.017092382535338402,0.04479629173874855,0.12086515873670578,0.13332657516002655
Y,0.2905919849872589,0.136520653963089,0.12274603545665741,0.08280198276042938,0.21254274249076843,0.17120890319347382,0.16500717401504517,0.11052380502223969,0.1993378847837448,0.1251072734594345
R,0.9690667986869812,0.16711486876010895,0.2525895833969116,0.1273927539587021,0.0813109502196312,0.11119526624679565,0.18137699365615845,0.1147804856300354,0.34897854924201965,0.2725713551044464
N,0.10418729484081268,1.083983063697815,0.15134777128696442,0.10430297255516052,0.11825969815254211,0.09037014096975327,0.16428214311599731,0.12133295089006424,1.1293758153915405,0.5962914228439331
N,0.10571504384279251,1.038841724395752,0.1905207335948944,0.11621606349945068,0.14153477549552917,0.07963021844625473,0.2267015427350998,0.13963228464126587,1.154759407043457,0.3785640597343445
V,0.19151417911052704,0.09667565673589706,0.09823301434516907,0.1428738832473755,0.04631727561354637,0.1725727915763855,0.15712282061576843,0.07068363577127457,0.11449146270751953,0.16278623044490814
A,0.20321743190288544,0.2622876465320587,0.20300503075122833,0.23380187153816223,0.21228113770484924,0.324633926153183,0.26023057103157043,0.11668434739112854,0.6729986667633057,0.33062508702278137
Q,0.20778290927410126,0.49920445680618286,0.16991735994815826,0.2103939950466156,0.3094826340675354,0.19605983793735504,0.15263599157333374,0.05039346218109131,0.28716984391212463,0.0581221766769886
T,0.06492043286561966,0.12130142748355865,0.14874319732189178,0.09616239368915558,0.06719905883073807,0.1292836219072342,0.16083256900310516,0.13799680769443512,0.14985612034797668,0.06581772863864899
D,0.509373128414154,0.3124021589756012,1.0355448722839355,0.3505663573741913,0.13902613520622253,0.09686350077390671,0.40367618203163147,0.18998926877975464,0.5339548587799072,0.15708737075328827
V,0.08934131264686584,0.1629914939403534,0.12157748639583588,0.08485930413007736,0.05183402821421623,0.10157821327447891,0.16925187408924103,0.10703255236148834,0.04914505407214165,0.10361769795417786
D,0.43331632018089294,0.17774014174938202,1.132110834121704,0.5646698474884033,0.10650390386581421,0.07181112468242645,0.5148906111717224,0.14355067908763885,0.723715603351593,0.13279277086257935
T,0.11345448344945908,0.050613388419151306,0.1478073000907898,0.3214428722858429,0.06907560676336288,0.10912253707647324,0.23121678829193115,0.12800216674804688,0.1689375787973404,0.05262110009789467
L,0.19254648685455322,0.4193422496318817,0.34474363923072815,0.4051385521888733,1.052727222442627,0.10872028768062592,0.05221850052475929,0.39704304933547974,0.5436946749687195,0.08444149047136307
Y,0.22501567006111145,0.07490333169698715,0.15641695261001587,0.16619545221328735,0.2655748724937439,0.16253581643104553,0.17677554488182068,0.1841428428888321,0.1637793481349945,0.14741092920303345
I,0.09553970396518707,1.052294135093689,0.3860354721546173,0.767896294593811,0.5286402106285095,0.08889295160770416,0.20581671595573425,0.2787112593650818,1.015724778175354,0.10563287138938904
M,0.9924626350402832,1.1759593486785889,0.1367061585187912,0.9467052817344666,0.17188963294029236,0.05153190344572067,0.0284029059112072,0.05687206611037254,0.0899287760257721,0.24076338112354279
Y,0.21439099311828613,0.12673625349998474,0.12166760861873627,0.0855470821261406,0.11079025268554688,0.1490013748407364,0.13954798877239227,0.10431563854217529,0.1117343157529831,0.10920680314302444
R,0.5763120651245117,0.15088945627212524,0.3148733377456665,0.17132598161697388,0.10716567933559418,0.09880854189395905,0.10542285442352295,0.12868794798851013,0.10316918045282364,0.2935233414173126
D,0.20175664126873016,0.5164855718612671,0.9882746338844299,0.3430701494216919,0.15086007118225098,0.08686064928770065,0.13170886039733887,0.12405522167682648,0.33809664845466614,0.11990512162446976
Y,0.14277999103069305,0.11055269092321396,0.1389637589454651,0.09157049655914307,0.09495070576667786,0.11226603388786316,0.14309783279895782,0.12368708848953247,0.1758555769920349,0.10653822124004364
T,0.09498175978660583,0.05546267330646515,0.10494884103536606,0.13633176684379578,0.05147640407085419,0.14904505014419556,0.29025620222091675,0.1342800259590149,0.28932666778564453,0.09734664112329483
W,0.14700111746788025,0.04602517932653427,0.16630211472511292,0.16782622039318085,0.03985147178173065,0.15444530546665192,0.11293859034776688,0.23568028211593628,0.2163146734237671,0.14730414748191833
A,0.14942964911460876,0.12862759828567505,0.14352788031101227,0.1657475084066391,0.1248505562543869,0.17841677367687225,0.15269136428833008,0.1210412010550499,0.5904991626739502,0.18596990406513214
V,0.0940423235297203,0.09130445867776871,0.06803171336650848,0.07717199623584747,0.04771474003791809,0.09753144532442093,0.08409807831048965,0.08035580813884735,0.09110191464424133,0.10710710287094116
W,0.1597830057144165,0.025603104382753372,0.2686344087123871,0.13996322453022003,0.043855927884578705,0.2241344153881073,0.058841805905103683,0.26736709475517273,0.22632579505443573,0.22439846396446228
A,0.11964821070432663,0.08478973060846329,0.1649814248085022,0.1497660130262375,0.16427886486053467,0.12188544869422913,0.07897273451089859,0.1721266806125641,0.5071979761123657,0.15277263522148132
Y,0.1534234583377838,0.04774632304906845,0.13888958096504211,0.11025490611791611,0.04824577271938324,0.13030388951301575,0.12759429216384888,0.1438365876674652,0.11739347130060196,0.09085031598806381
T,0.0701262503862381,0.02750604972243309,0.1771075576543808,0.11316994577646255,0.04576766863465309,0.1472652703523636,0.2227034568786621,0.23836511373519897,0.26286816596984863,0.0785374641418457
W,0.12537546455860138,0.029393799602985382,0.21062929928302765,0.15219160914421082,0.05100254341959953,0.0825989693403244,0.2431861311197281,0.24131351709365845,0.10016877204179764,0.095007985830307
Y,0.1575542390346527,0.05065777152776718,0.18613559007644653,0.14158490300178528,0.0758671909570694,0.09512076526880264,0.25805917382240295,0.14519745111465454,0.14406970143318176,0.06596186012029648
sum,8.690727233886719,9.885374069213867,8.609146118164062,7.627548694610596,5.548004150390625,4.344372272491455,6.129632949829102,5.135092258453369,11.49171257019043,5.342155933380127
posi,1.0,2.0,3.0,4.0,5.0,6.0,7.0,8.0,9.0,10.0
contrib,0.1193719457310886,0.135781080819167,0.11825138398100232,0.10476860040941426,0.0762049058189227,0.05967235620114686,0.08419389910034653,0.07053333258580313,0.15784502865734765,0.07337746669576097
