,G,V,W,K,K,A,E,A,F,I
Y,0.137600377202034,0.08611607551574707,0.09047073125839233,0.1386781483888626,0.1668337732553482,0.08555407077074051,0.23939484357833862,0.08250614255666733,0.1805085688829422,0.0814298763871193
Y,0.1411266028881073,0.08738300204277039,0.08573992550373077,0.14335690438747406,0.1634194403886795,0.10356539487838745,0.2276981770992279,0.0934428721666336,0.16624975204467773,0.07403440028429031
A,0.541513204574585,0.06662129610776901,0.24935795366764069,0.20450642704963684,0.19351398944854736,0.19173291325569153,0.3152754008769989,0.14520081877708435,0.23925338685512543,0.14386266469955444
M,0.48549968004226685,0.1478661596775055,1.0006742477416992,0.4894315302371979,0.14994031190872192,0.05918442830443382,0.1346985101699829,0.04294842854142189,0.13530173897743225,0.10227612406015396
Y,0.21954883635044098,0.08205205202102661,0.08371974527835846,0.13403646647930145,0.1650383472442627,0.1894700527191162,0.21896399557590485,0.1407441347837448,0.12083625793457031,0.08910202980041504
R,0.365592896938324,0.363943874835968,0.09983403980731964,0.11548756808042526,0.14079108834266663,0.08077726513147354,0.31447088718414307,0.06732284277677536,0.1462458223104477,0.13512060046195984
N,0.3959318697452545,0.3429584205150604,0.2862016558647156,0.26437970995903015,0.14517344534397125,0.0779033750295639,0.47700032591819763,0.14234989881515503,0.28359201550483704,1.0734597444534302
N,0.33279797434806824,0.29200583696365356,0.316623330116272,0.2478407323360443,0.1344488561153412,0.08793704211711884,0.49456343054771423,0.1575898975133896,0.3439529240131378,1.0431232452392578
V,0.1385856419801712,0.13999368250370026,0.07859374582767487,0.10847346484661102,0.10053136944770813,0.2075614631175995,0.17609107494354248,0.1705920547246933,0.15408004820346832,0.0865086168050766
A,0.735891580581665,0.047321174293756485,0.8270043730735779,0.17073605954647064,0.16115549206733704,0.1631828248500824,0.5199994444847107,0.13881075382232666,0.24250231683254242,0.08882035315036774
Q,0.3077137768268585,0.15772680938243866,0.2762470841407776,0.26822078227996826,0.22681362926959991,0.0777803286910057,0.3404069244861603,0.05136623606085777,0.31065088510513306,0.17695844173431396
T,0.08270575851202011,0.14617836475372314,0.1492919772863388,0.09318353235721588,0.1073712706565857,0.11894071102142334,0.12370514124631882,0.0865953266620636,0.2306949645280838,0.16977468132972717
D,0.6708635687828064,0.21021237969398499,0.5215660929679871,0.21247687935829163,0.14948709309101105,0.161002054810524,0.21886277198791504,0.1725584715604782,0.44030988216400146,0.36114248633384705
V,0.16418105363845825,0.09884434938430786,0.05460077524185181,0.10092540085315704,0.11249618232250214,0.11698006093502045,0.10707338899374008,0.09096581488847733,0.12463079392910004,0.06927744299173355
D,0.5060818195343018,0.17180252075195312,0.36308422684669495,0.2751873731613159,0.16047188639640808,0.16491644084453583,0.2316906750202179,0.2204505205154419,0.48501235246658325,0.27485164999961853
T,0.036292776465415955,0.1724364012479782,0.2644919753074646,0.13843025267124176,0.12218707799911499,0.09156089276075363,0.07471050322055817,0.0635494813323021,0.3127836287021637,0.20801594853401184
L,0.11911938339471817,0.09930142015218735,1.0385069847106934,0.31947001814842224,0.37803515791893005,0.09211032837629318,0.3815452456474304,0.06008743867278099,0.43058985471725464,0.1722201108932495
Y,0.13947798311710358,0.07579205930233002,0.09302783012390137,0.176651269197464,0.1826551854610443,0.0799693912267685,0.1298898458480835,0.07716744393110275,0.14360582828521729,0.10736489295959473
I,0.1176447942852974,0.12655100226402283,0.7733098268508911,0.1965717375278473,0.13134942948818207,0.1714952439069748,0.9739745259284973,0.1595645397901535,0.640559196472168,0.22391128540039062
M,1.0498056411743164,0.23335674405097961,1.2154953479766846,0.1763906031847,0.07742326706647873,0.11154527962207794,0.18683306872844696,0.08794298022985458,0.08166317641735077,0.500270664691925
Y,0.30210211873054504,0.08881716430187225,0.0936550498008728,0.1177263855934143,0.10398773103952408,0.08768489211797714,0.14723481237888336,0.08667755872011185,0.11139876395463943,0.13697873055934906
R,0.2749362587928772,0.23676720261573792,0.1669149249792099,0.11916793882846832,0.09003990888595581,0.05305321142077446,0.17278994619846344,0.06546012312173843,0.1498553454875946,0.3332425355911255
D,0.3611510396003723,0.36467331647872925,0.8111538887023926,0.215864896774292,0.16064397990703583,0.31102490425109863,0.2677445709705353,0.2214779257774353,0.35149085521698,0.36858636140823364
Y,0.17268972098827362,0.08726043999195099,0.0626431554555893,0.0949680283665657,0.09756575524806976,0.10994686931371689,0.135121151804924,0.1107780933380127,0.13173586130142212,0.11485110223293304
T,0.0534721314907074,0.21579255163669586,0.11902501434087753,0.10399678349494934,0.11606164276599884,0.24675911664962769,0.05415480583906174,0.14637699723243713,0.1728852242231369,0.4728967547416687
W,0.10048645734786987,0.14001308381557465,0.08920666575431824,0.19116032123565674,0.19146662950515747,0.10764962434768677,0.0780051127076149,0.13532724976539612,0.1638256013393402,0.1708410531282425
A,0.2406255155801773,0.07320014387369156,0.17719465494155884,0.14116747677326202,0.130710631608963,0.19428429007530212,0.2235015630722046,0.19899882376194,0.17435887455940247,0.29513946175575256
V,0.08840861171483994,0.08269722759723663,0.04765506461262703,0.11470117419958115,0.1070767492055893,0.2059883028268814,0.11633992940187454,0.20858445763587952,0.12135808169841766,0.09749465435743332
W,0.08882497251033783,0.27663618326187134,0.08971559256315231,0.12184727936983109,0.1433333158493042,0.39719945192337036,0.08579469472169876,0.26953282952308655,0.11843234300613403,0.24917960166931152
A,0.2417907863855362,0.11647225171327591,0.21384677290916443,0.1882811039686203,0.15916728973388672,0.17801843583583832,0.11543071269989014,0.18499931693077087,0.15510441362857819,0.23050141334533691
Y,0.1711079329252243,0.0708155557513237,0.08352451771497726,0.09785085916519165,0.09268319606781006,0.1454017460346222,0.09561868011951447,0.09485533088445663,0.18168728053569794,0.10674770176410675
T,0.07040906697511673,0.20296451449394226,0.17561133205890656,0.17484340071678162,0.16962094604969025,0.11359087377786636,0.03763018548488617,0.09353499859571457,0.24951046705245972,0.2258508801460266
W,0.11348149180412292,0.12520325183868408,0.07948692888021469,0.28336331248283386,0.211868017911911,0.06177598610520363,0.02451189048588276,0.06523364037275314,0.14408475160598755,0.07906302064657211
Y,0.10559912025928497,0.06706176698207855,0.06349495053291321,0.13975578546524048,0.14699232578277588,0.05632045865058899,0.06742125004529953,0.05409931391477585,0.24751999974250793,0.056975092738866806
sum,9.073060989379883,5.296838283538818,10.140971183776855,6.079128742218018,5.090353965759277,4.701868534088135,7.508148670196533,4.187693119049072,7.686270713806152,8.119874000549316
posi,1.0,2.0,3.0,4.0,5.0,6.0,7.0,8.0,9.0,10.0
contrib,0.13365495790027027,0.07802754755198739,0.14938630724758156,0.08955144212769195,0.07498583397459671,0.0692630680772164,0.11060228687966465,0.06168876723973279,0.11322619674510256,0.11961359225615571
