,E,L,F,R,S,G,L,D,S,Y
Y,0.13332730531692505,0.27655720710754395,0.1711067408323288,0.1516464352607727,0.16531839966773987,0.21235215663909912,0.1982087790966034,0.16611474752426147,0.1519935429096222,0.093235082924366
Y,0.14031808078289032,0.28642216324806213,0.14959125220775604,0.16264773905277252,0.14016656577587128,0.21606674790382385,0.15585441887378693,0.17998015880584717,0.13943065702915192,0.07172920554876328
A,0.2017957717180252,0.13527201116085052,0.14845135807991028,0.13566438853740692,0.16969291865825653,0.24814146757125854,0.16389191150665283,0.3265341818332672,0.19062912464141846,0.1243978887796402
M,1.3096116781234741,0.2393493354320526,0.14852866530418396,0.23382681608200073,0.224033385515213,0.04589998349547386,0.09992647916078568,0.07222453504800797,0.3559812009334564,0.5400257110595703
Y,0.1472426801919937,0.1688016802072525,0.10710761696100235,0.1244984120130539,0.16364198923110962,0.17606039345264435,0.11625341325998306,0.20319639146327972,0.15019181370735168,0.0910695344209671
R,0.21009761095046997,0.32351091504096985,0.17156130075454712,0.13007353246212006,0.13716162741184235,0.26945462822914124,0.29421234130859375,0.28309643268585205,0.31700992584228516,0.18113359808921814
N,1.3045778274536133,0.25474581122398376,0.08067380636930466,0.05473252758383751,0.094479501247406,0.15970802307128906,0.11002705246210098,0.48602375388145447,0.12054194509983063,1.5854302644729614
N,1.3058054447174072,0.2872954308986664,0.10071375966072083,0.06219949573278427,0.08042434602975845,0.1554356962442398,0.11086271703243256,0.43237435817718506,0.11041877418756485,1.5722193717956543
V,0.07407570630311966,0.1073814183473587,0.1479678750038147,0.059517547488212585,0.16554145514965057,0.1772458553314209,0.08418364077806473,0.175913468003273,0.18836826086044312,0.16723914444446564
A,0.36902791261672974,0.10633766651153564,0.15868152678012848,0.18424932658672333,0.3085004985332489,0.15164071321487427,0.1390436887741089,0.26888373494148254,0.3745531439781189,0.2813027501106262
Q,0.6297380924224854,0.17382584512233734,0.19354884326457977,0.21708223223686218,0.25171729922294617,0.21498288214206696,0.06853799521923065,0.23195698857307434,0.08305957168340683,0.5030163526535034
T,0.06936885416507721,0.15755482017993927,0.10243035107851028,0.08420339226722717,0.16840454936027527,0.08940914273262024,0.13673439621925354,0.14019671082496643,0.0699760764837265,0.09231600165367126
D,0.4156147241592407,1.6783146858215332,0.3134986162185669,0.14917606115341187,0.08097945153713226,0.2679174244403839,0.14261239767074585,0.24076631665229797,0.13392464816570282,0.19359847903251648
V,0.07129219174385071,0.14067460596561432,0.0815306305885315,0.07231057435274124,0.12257054448127747,0.27360424399375916,0.09461391717195511,0.13198243081569672,0.13025464117527008,0.12060397863388062
D,0.3251163363456726,1.5530751943588257,0.5452404022216797,0.14990955591201782,0.06282179802656174,0.30207332968711853,0.14409245550632477,0.3320446312427521,0.15052430331707,0.14235062897205353
T,0.03511832281947136,0.1652652621269226,0.4032445251941681,0.07758152484893799,0.09680822491645813,0.11464937031269073,0.1263217329978943,0.1431950032711029,0.07151638716459274,0.17262832820415497
L,0.6225904822349548,0.5369448661804199,0.4941074252128601,1.0182994604110718,0.118892140686512,0.07909084111452103,0.16659896075725555,0.1202181950211525,0.08461339771747589,0.35170111060142517
Y,0.09145423769950867,0.14041903614997864,0.23994721472263336,0.1491996794939041,0.1670689731836319,0.12275271117687225,0.16074515879154205,0.09777112305164337,0.17590804398059845,0.097526915371418
I,1.1607669591903687,0.43600955605506897,0.16109929978847504,0.41337722539901733,0.15281665325164795,0.0809326246380806,0.1625816524028778,0.23445916175842285,0.17344075441360474,0.9996120929718018
M,1.8437480926513672,0.20899397134780884,0.19328495860099792,0.12577436864376068,0.1494048833847046,0.030865466222167015,0.09696007519960403,0.08193898946046829,0.6878877282142639,0.6778062582015991
Y,0.12833581864833832,0.1385478526353836,0.1083439439535141,0.11931657046079636,0.19462774693965912,0.21279193460941315,0.10016372799873352,0.1492164134979248,0.1866738498210907,0.10885144025087357
R,0.159617617726326,0.2770423889160156,0.17726658284664154,0.12123128771781921,0.11276281625032425,0.2695992588996887,0.3152819871902466,0.26903462409973145,0.20662455260753632,0.0870998427271843
D,0.42620933055877686,1.3674678802490234,0.2539443373680115,0.08302360773086548,0.05245133116841316,0.20115116238594055,0.15584875643253326,0.5862953662872314,0.08065532147884369,0.35468631982803345
Y,0.11300749331712723,0.1271778792142868,0.09129828959703445,0.10267996042966843,0.13449333608150482,0.1480092704296112,0.12031886726617813,0.1493465155363083,0.14532175660133362,0.08743695169687271
T,0.04437023401260376,0.3125131130218506,0.17552560567855835,0.06889674067497253,0.12629351019859314,0.15584294497966766,0.12058906257152557,0.14691174030303955,0.08698984980583191,0.1547401249408722
W,0.0483534149825573,0.18611302971839905,0.17336666584014893,0.058402255177497864,0.11077116429805756,0.1625959575176239,0.19131426513195038,0.17669573426246643,0.1780262589454651,0.22683969140052795
A,0.14586836099624634,0.10305040329694748,0.1292807161808014,0.12254299968481064,0.1601579636335373,0.1092110201716423,0.10929343104362488,0.21457836031913757,0.18958254158496857,0.19470374286174774
V,0.05025959387421608,0.09613803774118423,0.08312410116195679,0.04264899343252182,0.0855979472398758,0.07987240701913834,0.07794472575187683,0.12347310036420822,0.11685632169246674,0.09114767611026764
W,0.03326426446437836,0.393812894821167,0.13124679028987885,0.058823227882385254,0.13399457931518555,0.06784764677286148,0.25756239891052246,0.15687517821788788,0.22020241618156433,0.1914060115814209
A,0.12172816693782806,0.1633317768573761,0.09932160377502441,0.11983891576528549,0.10477100312709808,0.07553493231534958,0.26519152522087097,0.18115757405757904,0.13345322012901306,0.16268141567707062
Y,0.05157437175512314,0.1823921650648117,0.09407712519168854,0.057174235582351685,0.11974029988050461,0.09937308728694916,0.1509007215499878,0.12083541601896286,0.11661139130592346,0.10607900470495224
T,0.024395713582634926,0.2978007197380066,0.131262868642807,0.0602230504155159,0.11123562604188919,0.1602059155702591,0.2541629672050476,0.13848556578159332,0.07109925150871277,0.12623733282089233
W,0.03192102909088135,0.2184288501739502,0.12275737524032593,0.0857696533203125,0.06697399169206619,0.36419549584388733,0.23675048351287842,0.13920901715755463,0.1238677054643631,0.15449589490890503
Y,0.0574650801718235,0.17422133684158325,0.1332750767469406,0.08620856702327728,0.12254925817251205,0.2303897887468338,0.16342782974243164,0.11957856267690659,0.13309338688850403,0.04891523718833923
sum,11.897059440612793,11.414790153503418,6.016406536102295,4.942749500274658,4.656866073608398,5.724903583526611,5.291013717651367,7.020563125610352,5.849281311035156,10.154264450073242
posi,1.0,2.0,3.0,4.0,5.0,6.0,7.0,8.0,9.0,10.0
contrib,0.16304511688444068,0.15643578180638765,0.08245278690921502,0.06773868568326516,0.06382075142826711,0.07845783898009769,0.07251152726754903,0.09621440836902924,0.08016239305252883,0.13916070961921964
