,P,S,D,T,R,Q,M,L,F
Y,0.04309110343456268,0.1811400055885315,0.12398654222488403,0.13819488883018494,0.2983244061470032,0.2485630214214325,0.06936104595661163,0.14835390448570251,0.12282419204711914
Y,0.05430332571268082,0.22956149280071259,0.155823215842247,0.12476731836795807,0.31259703636169434,0.23135174810886383,0.07004383951425552,0.10796084254980087,0.09661462157964706
A,0.11214884370565414,0.16172166168689728,0.31004878878593445,0.08551299571990967,0.19760242104530334,0.18830858170986176,0.12769120931625366,0.15802812576293945,0.20462703704833984
M,0.714841902256012,0.4540056884288788,1.2895338535308838,0.2383161336183548,0.12975552678108215,0.040740903466939926,0.13658122718334198,0.05819174647331238,0.17172986268997192
Y,0.17885182797908783,0.27725526690483093,0.16335617005825043,0.0655359998345375,0.18481965363025665,0.19987744092941284,0.08838572353124619,0.10005266219377518,0.08492538332939148
R,0.8848789930343628,0.714782178401947,0.16687926650047302,0.12898173928260803,0.08007995039224625,0.2039511352777481,0.11348755657672882,0.1313532590866089,0.11545980721712112
N,0.2724641263484955,0.09212252497673035,1.7778691053390503,0.2213217169046402,0.11425837874412537,0.2147073596715927,0.08919169753789902,0.10825212299823761,0.21724092960357666
N,0.2508753836154938,0.09292927384376526,1.7145068645477295,0.18243783712387085,0.11340963840484619,0.18387064337730408,0.10320667177438736,0.11847817152738571,0.21612884104251862
V,0.7131484746932983,0.18338358402252197,0.10530021786689758,0.10670492053031921,0.05961983650922775,0.13417170941829681,0.20076604187488556,0.08942257612943649,0.11745739728212357
A,0.10482810437679291,0.23166672885417938,0.5805568695068359,0.3118288218975067,0.3369203805923462,0.1619160771369934,0.1334926038980484,0.16975730657577515,0.28960078954696655
Q,0.10712991654872894,0.1421748250722885,0.6718037128448486,0.09446200728416443,0.42279964685440063,0.08276090025901794,0.06238682568073273,0.07440939545631409,0.2410067617893219
T,0.17219501733779907,0.11651663482189178,0.16060566902160645,0.0677572712302208,0.0753035768866539,0.2724141776561737,0.21571387350559235,0.08191724121570587,0.1435750275850296
D,0.8869655132293701,0.1405906081199646,0.36429280042648315,0.08247609436511993,0.295438289642334,0.09824249148368835,0.86307692527771,0.7869864702224731,0.16776736080646515
V,0.25407952070236206,0.07954477518796921,0.05548897758126259,0.05732129141688347,0.0764242634177208,0.15003763139247894,0.09156755357980728,0.09936921298503876,0.09669479727745056
D,0.81710284948349,0.10866387188434601,0.5166971683502197,0.07281233370304108,0.31498461961746216,0.10502371191978455,0.9761155247688293,0.8063088059425354,0.10165764391422272
T,0.4411074221134186,0.14699974656105042,0.25461068749427795,0.04816935211420059,0.06612354516983032,0.18945030868053436,0.27983909845352173,0.07011598348617554,0.19188278913497925
L,0.18967413902282715,0.11235067248344421,0.250120609998703,0.0949762612581253,1.0433611869812012,0.09055148810148239,0.23917663097381592,0.2297607660293579,0.35154932737350464
Y,0.11268767714500427,0.2630680799484253,0.10391110926866531,0.15643705427646637,0.31337353587150574,0.14555172622203827,0.10706496983766556,0.1172814667224884,0.13237221539020538
I,0.24729731678962708,0.05597393587231636,0.7913773059844971,0.263060063123703,0.6105599403381348,0.18235529959201813,0.24531817436218262,0.11139532178640366,0.3844018578529358
M,0.833335280418396,0.5383906364440918,1.5917434692382812,0.25689733028411865,0.18402467668056488,0.05545184761285782,0.24463137984275818,0.0475674532353878,0.2697564363479614
Y,0.14412932097911835,0.22870470583438873,0.09672679752111435,0.11484573781490326,0.14616981148719788,0.19718573987483978,0.07397394627332687,0.07043501734733582,0.08251667022705078
R,0.6477012038230896,0.3337959349155426,0.13142898678779602,0.17124414443969727,0.16501988470554352,0.11122612655162811,0.15783964097499847,0.14095552265644073,0.12229014933109283
D,1.289660930633545,0.047771237790584564,0.5472246408462524,0.13576640188694,0.2931826114654541,0.23715302348136902,0.7145782113075256,0.49335601925849915,0.1593264490365982
Y,0.04813690856099129,0.17133881151676178,0.07594785839319229,0.1165403425693512,0.08219222724437714,0.15043216943740845,0.116511769592762,0.09495992213487625,0.10175970196723938
T,0.2407880574464798,0.18865084648132324,0.42251715064048767,0.054214876145124435,0.03898061811923981,0.18658758699893951,0.4850669503211975,0.07586923986673355,0.12738282978534698
W,0.18715262413024902,0.15164664387702942,0.12268652766942978,0.07439211010932922,0.05924387276172638,0.2882651090621948,0.1872071921825409,0.18085673451423645,0.21109287440776825
A,0.07282669097185135,0.1305852234363556,0.38528376817703247,0.32880717515945435,0.1294652223587036,0.13748317956924438,0.12985339760780334,0.09916219860315323,0.21122506260871887
V,0.08587494492530823,0.08514991402626038,0.06741905212402344,0.04285096749663353,0.04535570740699768,0.07865683734416962,0.23652464151382446,0.07893741130828857,0.09681051224470139
W,0.6639074087142944,0.1629510372877121,0.10939507186412811,0.05189187079668045,0.07414419949054718,0.33208489418029785,0.3132787346839905,0.5322329998016357,0.1509520262479782
A,0.052575644105672836,0.15047572553157806,0.33519306778907776,0.10449953377246857,0.1478152722120285,0.12107355147600174,0.17275145649909973,0.2157122641801834,0.22125253081321716
Y,0.04746481403708458,0.14479587972164154,0.08234824985265732,0.08401276916265488,0.05526137351989746,0.1354370415210724,0.13016945123672485,0.09549692273139954,0.12612496316432953
T,0.149465873837471,0.10107557475566864,0.21782097220420837,0.026024216786026955,0.04726377874612808,0.29283830523490906,0.2952346205711365,0.12344937026500702,0.1860189437866211
W,0.2652263641357422,0.10650164633989334,0.08258084952831268,0.037571076303720474,0.08310413360595703,0.17775648832321167,0.10318316519260406,0.18925940990447998,0.2584295868873596
Y,0.05597168952226639,0.11061440408229828,0.07385364919900894,0.0862254723906517,0.07533611357212067,0.144508495926857,0.12243977189064026,0.10323863476514816,0.1172480657696724
sum,11.341888427734375,6.436900615692139,13.89893627166748,4.226858615875244,6.67231559753418,5.769986152648926,7.695711612701416,6.108884811401367,5.889702796936035
posi,1.0,2.0,3.0,4.0,5.0,6.0,7.0,8.0,9.0
contrib,0.16669151843899072,0.09460300588452639,0.20427240195253987,0.0621220606600448,0.09806289539380593,0.0848013767094628,0.11310372715824923,0.08978216384948111,0.08656084995289913
