,V,Y,E,G,V,W,K,K,A,E
Y,0.0904197096824646,0.15608647465705872,0.2410183697938919,0.15809990465641022,0.17853456735610962,0.10963640362024307,0.11696232110261917,0.09203733503818512,0.0743502676486969,0.24207313358783722
Y,0.09673386067152023,0.17665421962738037,0.28927138447761536,0.19995860755443573,0.1621444672346115,0.0957244336605072,0.11152432858943939,0.08768453449010849,0.09550865739583969,0.2412995994091034
A,0.08689749240875244,0.17514018714427948,0.2427026331424713,0.3010929226875305,0.07969556748867035,0.298298716545105,0.1280176043510437,0.10901620984077454,0.16800998151302338,0.30353209376335144
M,0.11483137309551239,0.18894198536872864,1.527159333229065,0.1488264501094818,0.02075495384633541,0.9146149158477783,0.12638889253139496,0.12623654305934906,0.08671428263187408,0.37657278776168823
Y,0.11726120114326477,0.17215792834758759,0.1791093647480011,0.26133081316947937,0.12312990427017212,0.10348507016897202,0.13525135815143585,0.12475655972957611,0.16048166155815125,0.2542804777622223
R,0.48530441522598267,0.31680038571357727,0.1628151535987854,0.29615479707717896,0.10018252581357956,0.07423227280378342,0.10146206617355347,0.09654656052589417,0.10501639544963837,0.3611120581626892
N,0.34847861528396606,0.166608989238739,1.0039668083190918,0.10398595035076141,0.13124224543571472,0.09205661714076996,0.06576304137706757,0.10344256460666656,0.9113590717315674,1.15553879737854
N,0.2808723449707031,0.17167255282402039,0.9867076873779297,0.09323949366807938,0.15223099291324615,0.1330762505531311,0.07113611698150635,0.10991304367780685,0.7887930870056152,1.2110720872879028
V,0.08945316076278687,0.15118223428726196,0.11165837198495865,0.14866270124912262,0.10919760912656784,0.08969746530056,0.16408276557922363,0.11983622610569,0.1723966747522354,0.09339672327041626
A,0.06437976658344269,0.1732337474822998,0.3061160147190094,0.2720547616481781,0.0906960740685463,0.8846443891525269,0.08770230412483215,0.07576575130224228,0.0821535512804985,1.0690799951553345
Q,0.12941938638687134,0.13909059762954712,0.5934674143791199,0.1519206315279007,0.1266600489616394,0.3640797734260559,0.10837111622095108,0.09589457511901855,0.042953334748744965,0.7353209257125854
T,0.15638703107833862,0.14117158949375153,0.1475953310728073,0.05879967659711838,0.13496370613574982,0.16411258280277252,0.07534042000770569,0.09743530303239822,0.10463110357522964,0.10983279347419739
D,0.13010650873184204,1.1864904165267944,0.3760366439819336,0.41207143664360046,0.08808298408985138,0.21044014394283295,0.15280961990356445,0.2099042683839798,0.20343588292598724,0.6333125233650208
V,0.11976044625043869,0.10566376894712448,0.10698537528514862,0.21440663933753967,0.07364755123853683,0.0746622160077095,0.1503298133611679,0.1133231669664383,0.11414022743701935,0.08086097240447998
D,0.13055828213691711,1.1194992065429688,0.27101612091064453,0.5816177129745483,0.1093282550573349,0.1399512141942978,0.1893862783908844,0.19658204913139343,0.26038774847984314,0.536910355091095
T,0.19495950639247894,0.4470023214817047,0.06157068535685539,0.11432482302188873,0.10676160454750061,0.1403583288192749,0.14916035532951355,0.17729540169239044,0.06959596276283264,0.0663856640458107
L,0.2030780017375946,0.3875706195831299,0.642061710357666,0.04687464237213135,0.12101508677005768,0.5415806174278259,0.1987111121416092,0.11772986501455307,0.08395300805568695,0.3237030804157257
Y,0.10370007157325745,0.1577470898628235,0.10759158432483673,0.18855154514312744,0.1369994431734085,0.07723581045866013,0.13972315192222595,0.13389940559864044,0.10430808365345001,0.19255892932415009
I,0.3733977675437927,0.3805079460144043,0.5324582457542419,0.03623995929956436,0.1528986096382141,0.848246157169342,0.1749114692211151,0.2958572804927826,0.09415438771247864,0.8948381543159485
M,0.2805207073688507,0.31411316990852356,1.5611125230789185,0.030132150277495384,0.03253287449479103,1.2431378364562988,0.07538774609565735,0.12604442238807678,0.07502930611371994,0.40675097703933716
Y,0.13018283247947693,0.1270565241575241,0.12819601595401764,0.33810895681381226,0.1455550640821457,0.07527967542409897,0.10969967395067215,0.09308004379272461,0.08349993824958801,0.12431707978248596
R,0.3056824505329132,0.3374699354171753,0.16232655942440033,0.262033611536026,0.07634786516427994,0.1175772026181221,0.13468670845031738,0.12971484661102295,0.12005731463432312,0.20129433274269104
D,0.3718835115432739,0.7182362675666809,0.2781789302825928,0.22354468703269958,0.16065996885299683,0.8624159097671509,0.33075565099716187,0.205491840839386,0.216623917222023,0.24578219652175903
Y,0.09401581436395645,0.07542482018470764,0.09457869827747345,0.17289912700653076,0.09892240911722183,0.07276663929224014,0.1639881730079651,0.11822757124900818,0.09430564939975739,0.13287515938282013
T,0.3046063482761383,0.3296952545642853,0.06050810590386391,0.11046308279037476,0.12502709031105042,0.13281261920928955,0.12149951606988907,0.1517464965581894,0.12084979563951492,0.060628972947597504
W,0.10834991186857224,0.25416722893714905,0.05656494200229645,0.15959474444389343,0.08468559384346008,0.1134076938033104,0.1025226041674614,0.09205696731805801,0.1963769495487213,0.07408126443624496
A,0.09513573348522186,0.14036712050437927,0.16496576368808746,0.1648227721452713,0.0959586575627327,0.1817707121372223,0.11991510540246964,0.12483470141887665,0.15961934626102448,0.39500144124031067
V,0.09217500686645508,0.10043668001890182,0.07608392834663391,0.09625286608934402,0.0491144135594368,0.057394832372665405,0.16103573143482208,0.13645051419734955,0.1914524883031845,0.06299783289432526
W,0.13646644353866577,0.16191834211349487,0.030014388263225555,0.055226609110832214,0.09839805960655212,0.17193211615085602,0.12134503573179245,0.12518848478794098,0.4541933238506317,0.053121596574783325
A,0.18763849139213562,0.10423649102449417,0.0888664573431015,0.06834292411804199,0.15478099882602692,0.22806653380393982,0.13752126693725586,0.12539120018482208,0.12156067043542862,0.18080691993236542
Y,0.0824999213218689,0.09020253270864487,0.04365631192922592,0.11012573540210724,0.07993728667497635,0.1087695062160492,0.10214424878358841,0.07477176934480667,0.103719063103199,0.07847817987203598
T,0.4612824320793152,0.2856874465942383,0.03113718517124653,0.060388725250959396,0.1400870829820633,0.07877059280872345,0.13077878952026367,0.15617462992668152,0.0750332623720169,0.03216562047600746
W,0.10019218921661377,0.17201144993305206,0.043487872928380966,0.24976418912410736,0.07036703079938889,0.09018676728010178,0.14438492059707642,0.12715774774551392,0.09942498058080673,0.03970811143517494
Y,0.09070122987031937,0.11321741342544556,0.052646785974502563,0.23082618415355682,0.10067728906869888,0.0968361347913742,0.16839972138404846,0.1005377247929573,0.08082997798919678,0.06232628971338272
sum,6.157331466674805,9.23746395111084,10.761632919311523,6.120739459991455,3.7112183570861816,8.987257957458496,4.571099281311035,4.370026111602783,5.914918422698975,11.03201675415039
posi,1.0,2.0,3.0,4.0,5.0,6.0,7.0,8.0,9.0,10.0
contrib,0.08688977656979963,0.13035536305422524,0.15186382038161667,0.08637340493995234,0.05237121561414034,0.12682455705449278,0.06450550817040566,0.06166804475225278,0.08346894153068164,0.1556793679324329
