,F,R,S,G,L,D,S,Y,V
Y,0.12945690751075745,0.11952641606330872,0.14226815104484558,0.1628294289112091,0.19644202291965485,0.28874701261520386,0.1330377459526062,0.10005779564380646,0.11760888248682022
Y,0.14543741941452026,0.13314899802207947,0.1394207924604416,0.17855730652809143,0.15654444694519043,0.30203092098236084,0.12323379516601562,0.09140090644359589,0.09139437973499298
A,0.16660620272159576,0.2727380394935608,0.17514146864414215,0.38241949677467346,0.13071486353874207,0.35730916261672974,0.2355797290802002,0.17874692380428314,0.08221866190433502
M,0.27718713879585266,1.2746978998184204,0.7440855503082275,0.03969353437423706,0.0983792319893837,0.08804438263177872,0.16214396059513092,0.1464177370071411,0.07139457017183304
Y,0.12793979048728943,0.10027367621660233,0.16738037765026093,0.15170437097549438,0.09678097814321518,0.2824140787124634,0.19392983615398407,0.09561261534690857,0.0784979909658432
R,0.24529561400413513,0.39672914147377014,0.4169509708881378,0.28691598773002625,0.2521152198314667,0.16797472536563873,0.2899750769138336,0.2547377943992615,0.21604104340076447
N,0.15228067338466644,0.9331344962120056,0.14424963295459747,0.08656039088964462,0.1621854156255722,1.074876070022583,0.080826036632061,0.10089167207479477,0.7898815274238586
N,0.18926307559013367,0.841917872428894,0.1458825170993805,0.1020294800400734,0.20061862468719482,1.0170310735702515,0.07382404059171677,0.12920241057872772,0.7975262999534607
V,0.14140628278255463,0.06834019720554352,0.16978611052036285,0.1350213587284088,0.0761193111538887,0.09161967039108276,0.2371133267879486,0.20176297426223755,0.10934199392795563
A,0.1388871818780899,0.5061596632003784,0.5005181431770325,0.3857567310333252,0.15668489038944244,0.4132935106754303,0.3986246585845947,0.25339648127555847,0.07589222490787506
Q,0.2581084072589874,0.25757789611816406,0.2687992751598358,0.16938428580760956,0.1703343242406845,0.21269096434116364,0.15341173112392426,0.1386559009552002,0.07358730584383011
T,0.17990173399448395,0.053479209542274475,0.12295158952474594,0.06486691534519196,0.12948361039161682,0.12873509526252747,0.1180926114320755,0.15388929843902588,0.08459252119064331
D,0.46539708971977234,0.8459739685058594,0.212087482213974,0.6831161379814148,0.318634569644928,0.21769092977046967,0.07850664108991623,0.5607869625091553,0.10356277227401733
V,0.08533534407615662,0.06435667723417282,0.07268455624580383,0.2053975611925125,0.07239805161952972,0.05929362028837204,0.11366542428731918,0.10913228243589401,0.056288108229637146
D,0.5039252638816833,0.9892319440841675,0.11562333256006241,0.9743962287902832,0.20951341092586517,0.3016483783721924,0.07142122089862823,0.6648970246315002,0.1279558688402176
T,0.7601519823074341,0.094896599650383,0.11206173151731491,0.08723905682563782,0.12577812373638153,0.07746010273694992,0.1044231653213501,0.1414332538843155,0.09609536826610565
L,0.48519715666770935,1.0241947174072266,0.15626037120819092,0.07102636247873306,0.48169562220573425,0.14376941323280334,0.16980566084384918,0.1432655304670334,0.10963836312294006
Y,0.1785014420747757,0.12780433893203735,0.1714581549167633,0.1462082713842392,0.11797988414764404,0.1363171488046646,0.20097407698631287,0.09319005906581879,0.08726844191551208
I,0.8274197578430176,0.6763297319412231,0.09698743373155594,0.13509607315063477,0.27259814739227295,0.30158036947250366,0.08036574721336365,0.335224986076355,0.20462070405483246
M,0.6410974860191345,1.1029266119003296,0.9147250056266785,0.02610303834080696,0.11864018440246582,0.10873682796955109,0.1810932755470276,0.20473666489124298,0.19373032450675964
Y,0.1010463610291481,0.11276458203792572,0.14441153407096863,0.215834379196167,0.07370707392692566,0.16099508106708527,0.15160608291625977,0.08751482516527176,0.11228132247924805
R,0.3017001152038574,0.266096293926239,0.2976457476615906,0.2779107093811035,0.13864225149154663,0.1027049869298935,0.08264391869306564,0.08210805058479309,0.16269460320472717
D,0.5242586135864258,1.0787352323532104,0.14930343627929688,0.3124190866947174,0.2061309665441513,0.29352593421936035,0.044419970363378525,0.22193782031536102,0.2643676996231079
Y,0.0711728185415268,0.07943215221166611,0.11490213125944138,0.12920337915420532,0.08898916095495224,0.09396222978830338,0.097122423350811,0.07874267548322678,0.08170506358146667
T,0.48893246054649353,0.06582885980606079,0.14601540565490723,0.10908088833093643,0.1037745326757431,0.09341029822826385,0.1656804084777832,0.13411156833171844,0.12022098898887634
W,0.21557192504405975,0.1623123735189438,0.14568376541137695,0.09406381845474243,0.11874440312385559,0.19617800414562225,0.17828629910945892,0.1657828390598297,0.12417872995138168
A,0.08065906167030334,0.16670744121074677,0.32135412096977234,0.15554356575012207,0.09346646815538406,0.2791326344013214,0.16909199953079224,0.12563155591487885,0.06768953800201416
V,0.11190065741539001,0.043550170958042145,0.06410620361566544,0.04972274601459503,0.0798983946442604,0.07642722129821777,0.12030838429927826,0.11368963122367859,0.05022348463535309
W,0.4064795970916748,0.20032374560832977,0.11144791543483734,0.038907259702682495,0.23663321137428284,0.21796080470085144,0.2568237781524658,0.14173293113708496,0.16772180795669556
A,0.09234324097633362,0.204794242978096,0.2033388912677765,0.0628516674041748,0.18072731792926788,0.25987839698791504,0.12583555281162262,0.1017027422785759,0.08056079596281052
Y,0.09099709242582321,0.048125121742486954,0.09849648922681808,0.07306145131587982,0.12699708342552185,0.24128679931163788,0.1253846436738968,0.08827710151672363,0.06350650638341904
T,0.47160133719444275,0.07070863246917725,0.0707491785287857,0.07146821171045303,0.16261711716651917,0.12287066876888275,0.11555863916873932,0.1646791696548462,0.11060801893472672
W,0.2078775316476822,0.2776053547859192,0.07648313790559769,0.14379414916038513,0.12086250633001328,0.09392226487398148,0.10497972369194031,0.12107063829898834,0.10427755117416382
Y,0.0973605215549469,0.09239296615123749,0.08639600872993469,0.19277556240558624,0.11147895455360413,0.09612329304218292,0.09918703883886337,0.08802005648612976,0.0603235587477684
sum,9.360697746276855,12.752815246582031,7.019656181335449,6.400959491729736,5.38631010055542,8.09964370727539,5.036976337432861,5.812439918518066,5.137497425079346
posi,1.0,2.0,3.0,4.0,5.0,6.0,7.0,8.0,9.0
contrib,0.14399523589720298,0.19617604259419852,0.10798308792212565,0.09846570169907108,0.08285739103727122,0.12459649247582065,0.07748360384841578,0.08941252884040872,0.07902991568548542
