,K,V,Y,E,G,V,W,K,K
Y,0.08280394226312637,0.06994476914405823,0.14904865622520447,0.23691076040267944,0.15353406965732574,0.1109849065542221,0.11300726234912872,0.1129860132932663,0.10365769267082214
Y,0.10453978925943375,0.07343805581331253,0.13541029393672943,0.2653837502002716,0.17855975031852722,0.09588509798049927,0.09586769342422485,0.10597531497478485,0.10104058682918549
A,0.22099317610263824,0.08897128701210022,0.13033157587051392,0.27897313237190247,0.1499302238225937,0.0934249609708786,0.5083489418029785,0.19242249429225922,0.17646725475788116
M,1.2457786798477173,0.07907986640930176,0.32074984908103943,0.6893789768218994,0.028061091899871826,0.06712256371974945,0.4430391192436218,0.15906278789043427,0.2707134485244751
Y,0.15762269496917725,0.0835571214556694,0.13468284904956818,0.1698462814092636,0.20565491914749146,0.0845465213060379,0.08231739699840546,0.12632949650287628,0.1433781087398529
Q,1.0890976190567017,0.3940810263156891,0.2936272621154785,0.6329714059829712,0.08300144225358963,0.14883148670196533,0.12436984479427338,0.16498075425624847,0.2723527252674103
E,0.27660566568374634,0.08973170816898346,0.21493805944919586,0.24009869992733002,0.155921071767807,0.06478320062160492,0.24700495600700378,0.1483141928911209,0.12021532654762268
N,1.0725045204162598,0.2755979597568512,0.17633391916751862,0.3197343349456787,0.09019360691308975,0.5519682765007019,0.15530729293823242,0.1367240995168686,0.3552718758583069
V,0.10220135748386383,0.15366993844509125,0.11849028617143631,0.1361611932516098,0.15413054823875427,0.11692167073488235,0.12643948197364807,0.2095835655927658,0.17319244146347046
A,0.1741972714662552,0.05921042338013649,0.17793698608875275,0.45899736881256104,0.1584874838590622,0.10384276509284973,0.7162843942642212,0.16762271523475647,0.27660515904426575
Q,0.3353869318962097,0.14532621204853058,0.18997180461883545,0.6333758234977722,0.1385909765958786,0.11722906678915024,0.37143635749816895,0.2074771374464035,0.36187538504600525
T,0.060853224247694016,0.12386985123157501,0.11805881559848785,0.13325724005699158,0.05815790593624115,0.10288690030574799,0.2511153817176819,0.06235773488879204,0.0554378516972065
D,0.50314861536026,0.3313147723674774,0.6287976503372192,0.38880297541618347,0.2943084239959717,0.09777962416410446,0.4537893235683441,0.37385693192481995,0.4165913462638855
V,0.08163807541131973,0.12165048718452454,0.11202099174261093,0.10548149049282074,0.24428704380989075,0.08559632301330566,0.0770806223154068,0.19078807532787323,0.22919856011867523
D,0.5333099961280823,0.3214297294616699,0.45475897192955017,0.3274281919002533,0.4317106604576111,0.10126851499080658,0.2220788449048996,0.4165564179420471,0.37973421812057495
T,0.18277081847190857,0.21153214573860168,0.14199623465538025,0.04669199511408806,0.07453547418117523,0.14204566180706024,0.12755823135375977,0.1293077915906906,0.10513980686664581
L,0.4195053279399872,0.10669057071208954,0.41421079635620117,0.2794104516506195,0.055906396359205246,0.05528269708156586,0.4452345073223114,0.12835226953029633,0.09965283423662186
Y,0.3098312318325043,0.10016441345214844,0.09918370842933655,0.10277338325977325,0.1238735169172287,0.0770191103219986,0.07727887481451035,0.15017621219158173,0.14020957052707672
I,0.34514209628105164,0.1346503049135208,0.21482586860656738,0.9735556840896606,0.04190070927143097,0.08308639377355576,0.8273512125015259,0.3695559799671173,0.3685855269432068
I,0.28264907002449036,0.15399132668972015,0.20311376452445984,1.0002210140228271,0.07123139500617981,0.09306004643440247,0.7764566540718079,0.2422219216823578,0.20911164581775665
Y,0.228389173746109,0.10351494699716568,0.07323277741670609,0.12330200523138046,0.3413430452346802,0.09707599133253098,0.06253369897603989,0.14164897799491882,0.1429585963487625
R,0.442577987909317,0.6164818406105042,0.20891457796096802,0.16059128940105438,0.21120892465114594,0.15820908546447754,0.17047762870788574,0.17651516199111938,0.19324138760566711
D,0.43811702728271484,0.5722562074661255,0.4646373987197876,0.2526698410511017,0.13119971752166748,0.22445912659168243,0.7889771461486816,0.40890341997146606,0.27440088987350464
Y,0.0962362214922905,0.06528569757938385,0.08231177926063538,0.08892736583948135,0.18959124386310577,0.06918139010667801,0.06534451991319656,0.11396901309490204,0.11355377733707428
T,0.07688293606042862,0.20288267731666565,0.1967041790485382,0.06788820028305054,0.11535774171352386,0.22190453112125397,0.09472271800041199,0.10294418781995773,0.09415420144796371
W,0.14994533360004425,0.09108985960483551,0.1594897210597992,0.05268741771578789,0.10960698872804642,0.11296883225440979,0.11926110833883286,0.16294756531715393,0.1289825737476349
A,0.11333968490362167,0.07488953322172165,0.16566313803195953,0.20581698417663574,0.11493170261383057,0.07675139605998993,0.20643168687820435,0.13983359932899475,0.13739939033985138
A,0.11398229748010635,0.08284421265125275,0.1324041783809662,0.17878097295761108,0.08359792828559875,0.09157843887805939,0.2648860216140747,0.12621182203292847,0.1063186526298523
Q,0.1922225058078766,0.2736857831478119,0.1582779735326767,0.3540014326572418,0.09950578957796097,0.29481542110443115,0.16576029360294342,0.11816634237766266,0.12119651585817337
A,0.14434856176376343,0.09271374344825745,0.11157706379890442,0.10425135493278503,0.05845459923148155,0.10115078836679459,0.25052449107170105,0.11291477084159851,0.09057018160820007
Y,0.07495737075805664,0.0831020176410675,0.06490574777126312,0.055149029940366745,0.12321539223194122,0.11313941329717636,0.09488920867443085,0.1121581643819809,0.0885082557797432
R,0.4909183084964752,0.3843074142932892,0.23694191873073578,0.12171968817710876,0.27724993228912354,0.18450069427490234,0.11566078662872314,0.12703417241573334,0.09902097284793854
W,0.24878664314746857,0.11847670376300812,0.10348744690418243,0.0336710587143898,0.20109224319458008,0.1043778508901596,0.08604109287261963,0.2057678997516632,0.14846329391002655
Y,0.12276038527488708,0.07987092435359955,0.09139785170555115,0.06535210460424423,0.22614410519599915,0.08003868162631989,0.0984688550233841,0.1274942308664322,0.0777498185634613
sum,10.514042854309082,5.959303855895996,6.678433418273926,9.284261703491211,5.17447566986084,4.3237175941467285,8.825345993041992,5.971161365509033,6.174949645996094
posi,1.0,2.0,3.0,4.0,5.0,6.0,7.0,8.0,9.0
contrib,0.16713976912466638,0.09473393673775779,0.10616580463977121,0.1475901686075518,0.08225767012612938,0.06873332841227336,0.14029487155055642,0.09492243334620601,0.09816201745508764
