,G,V,W,K,K,A,E,A,F
Y,0.13415038585662842,0.07498442381620407,0.08272393047809601,0.12357998639345169,0.11910158395767212,0.09521257877349854,0.19733020663261414,0.08961443603038788,0.1330629587173462
Y,0.14259059727191925,0.07219460606575012,0.07421410083770752,0.12574134767055511,0.11260253190994263,0.11425687372684479,0.18188515305519104,0.1035817340016365,0.1094958633184433
A,0.5922030806541443,0.05793531611561775,0.22761361300945282,0.1780974119901657,0.17546027898788452,0.19610850512981415,0.33793357014656067,0.1708247810602188,0.24230438470840454
M,0.7453618049621582,0.12605690956115723,0.7965720891952515,0.5263155698776245,0.21865756809711456,0.08154049515724182,0.10293769091367722,0.08457038551568985,0.17886869609355927
Y,0.21722790598869324,0.05872928723692894,0.07202642410993576,0.12561894953250885,0.1257588267326355,0.18667645752429962,0.18787629902362823,0.1459817737340927,0.09133134037256241
R,0.32832077145576477,0.35691890120506287,0.0896114632487297,0.11301416903734207,0.1252981424331665,0.10014104098081589,0.2397621124982834,0.0953206941485405,0.11907660961151123
N,0.4264746606349945,0.41935721039772034,0.3529566824436188,0.26230931282043457,0.13704895973205566,0.17201119661331177,0.39322564005851746,0.41142597794532776,0.4227973222732544
N,0.3653101325035095,0.3699300289154053,0.3688090443611145,0.23683029413223267,0.12856224179267883,0.19221697747707367,0.40404650568962097,0.38871338963508606,0.4652775824069977
V,0.1397497057914734,0.11900070309638977,0.06624940037727356,0.11638130992650986,0.11894744634628296,0.1981739103794098,0.23538370430469513,0.17138706147670746,0.12091197818517685
A,0.7070313096046448,0.05214618891477585,0.7231338620185852,0.17898477613925934,0.1645183265209198,0.16303300857543945,0.411113440990448,0.1688585728406906,0.26666152477264404
Q,0.3921453654766083,0.09655378758907318,0.21755005419254303,0.25057119131088257,0.2010493278503418,0.09325743466615677,0.37041524052619934,0.06337488442659378,0.2280712127685547
T,0.10795971751213074,0.14031019806861877,0.15851816534996033,0.08663833141326904,0.08706387877464294,0.11971068382263184,0.1703283041715622,0.08810858428478241,0.14494433999061584
D,0.6388036608695984,0.19593919813632965,0.4903622567653656,0.1956278681755066,0.1552736759185791,0.13209879398345947,0.20745888352394104,0.16261596977710724,0.3258175849914551
V,0.16323229670524597,0.07409393042325974,0.051911916583776474,0.09981510788202286,0.10827755928039551,0.11401459574699402,0.18074682354927063,0.09280235320329666,0.0798964723944664
D,0.4455012381076813,0.16673296689987183,0.3415558934211731,0.31643587350845337,0.22254854440689087,0.11718551814556122,0.19155947864055634,0.20289281010627747,0.4367648959159851
T,0.03896765410900116,0.16254258155822754,0.23728761076927185,0.12879395484924316,0.11003335565328598,0.10749034583568573,0.13011620938777924,0.06383262574672699,0.30222979187965393
L,0.15770213305950165,0.09466521441936493,0.9486855268478394,0.3230970501899719,0.31750690937042236,0.09006007015705109,0.3514118492603302,0.0662260353565216,0.47810661792755127
Y,0.13515491783618927,0.07200849056243896,0.09880106896162033,0.16994041204452515,0.14734314382076263,0.08165059983730316,0.11315063387155533,0.08425787091255188,0.13770757615566254
I,0.15694886445999146,0.1680232435464859,0.4898279905319214,0.19529710710048676,0.1287321001291275,0.16815242171287537,0.9220460653305054,0.2001289278268814,0.8267717361450195
M,1.213318109512329,0.26735153794288635,1.1427223682403564,0.20503482222557068,0.10310427099466324,0.16188393533229828,0.12751220166683197,0.13622069358825684,0.17166423797607422
Y,0.28759658336639404,0.08022160083055496,0.10718446224927902,0.12335199117660522,0.10451283305883408,0.10342904925346375,0.1583537608385086,0.09590867906808853,0.0941375270485878
R,0.25272440910339355,0.3236289620399475,0.1297798603773117,0.12176933884620667,0.10450839251279831,0.075599804520607,0.18706122040748596,0.1016547903418541,0.13651661574840546
D,0.37020742893218994,0.3502803146839142,0.8248315453529358,0.2658841609954834,0.25492945313453674,0.2446100413799286,0.23609626293182373,0.28221210837364197,0.25792229175567627
Y,0.1658383458852768,0.0697670727968216,0.06390968710184097,0.09655879437923431,0.09840632230043411,0.09540694952011108,0.1398630291223526,0.09182868897914886,0.10166920721530914
T,0.055847447365522385,0.23212869465351105,0.14641685783863068,0.09752853214740753,0.0942939966917038,0.34175896644592285,0.12584970891475677,0.156804159283638,0.19941796362400055
W,0.11722408980131149,0.12833090126514435,0.0876133069396019,0.1550038754940033,0.14651045203208923,0.11559614539146423,0.08291194587945938,0.12700682878494263,0.18867582082748413
A,0.22795914113521576,0.07699859887361526,0.17378446459770203,0.12468218803405762,0.10763894021511078,0.17551888525485992,0.22029750049114227,0.23441585898399353,0.2207505851984024
V,0.09538239240646362,0.06776323169469833,0.04774947091937065,0.1157919317483902,0.10893995314836502,0.16259613633155823,0.17515552043914795,0.15549501776695251,0.09846148639917374
W,0.10255545377731323,0.17161992192268372,0.09993141144514084,0.14355801045894623,0.1596863865852356,0.3427231013774872,0.08475662767887115,0.24715329706668854,0.1452014297246933
A,0.2508592903614044,0.110401950776577,0.2124074399471283,0.17435432970523834,0.1326412558555603,0.16884800791740417,0.14094524085521698,0.2064923495054245,0.18025211989879608
Y,0.17078566551208496,0.058659981936216354,0.07184449583292007,0.10127165913581848,0.08751489967107773,0.14127348363399506,0.07085318863391876,0.10133735090494156,0.1284012645483017
T,0.08836118131875992,0.22015103697776794,0.16429996490478516,0.15188352763652802,0.13059446215629578,0.14996708929538727,0.0655270516872406,0.11790135502815247,0.20162051916122437
W,0.12757357954978943,0.13474036753177643,0.1012834906578064,0.24637308716773987,0.17641262710094452,0.08589096367359161,0.04071817174553871,0.08222270011901855,0.14695295691490173
Y,0.10746179521083832,0.0618571862578392,0.058647479861974716,0.13505969941616058,0.13638077676296234,0.05414222180843353,0.06711304187774658,0.049162112176418304,0.14691254496574402
sum,9.668530464172363,5.232025146484375,9.320816040039062,6.011196136474609,4.849859714508057,4.942235946655273,7.251742839813232,5.040334701538086,7.528656005859375
posi,1.0,2.0,3.0,4.0,5.0,6.0,7.0,8.0,9.0
contrib,0.16155846480377092,0.08742569034797958,0.1557482531318659,0.100445421674154,0.08103981188175817,0.08258339312250246,0.1211746133182663,0.08422259613238668,0.125801755587316
