,E,G,V,W,K,K,A,E,A
Y,0.20054103434085846,0.15289835631847382,0.10246060788631439,0.09213470667600632,0.18168969452381134,0.14617936313152313,0.11910224705934525,0.2178604155778885,0.09980368614196777
Y,0.26669278740882874,0.1784103512763977,0.09643015265464783,0.07464967668056488,0.18529517948627472,0.14419403672218323,0.14853757619857788,0.21778801083564758,0.12055318057537079
A,0.23062777519226074,0.37419676780700684,0.06256261467933655,0.235490083694458,0.19499748945236206,0.21697033941745758,0.1557934284210205,0.3028591275215149,0.15201610326766968
M,1.8382470607757568,0.1743311882019043,0.04307209700345993,1.038710117340088,0.14849385619163513,0.15688176453113556,0.08446499705314636,0.1506531834602356,0.08335323631763458
Y,0.22131136059761047,0.2867361903190613,0.06882350146770477,0.071550153195858,0.2056003212928772,0.18028925359249115,0.19268620014190674,0.21542078256607056,0.1611221581697464
R,0.3054191470146179,0.3557475507259369,0.33680596947669983,0.0745144635438919,0.13418914377689362,0.16846947371959686,0.11311928927898407,0.2541537284851074,0.18195146322250366
N,1.722582221031189,0.13209858536720276,0.20866014063358307,0.1491393744945526,0.10935286432504654,0.08299870043992996,0.1786220222711563,0.24286703765392303,0.6626535058021545
N,1.816352367401123,0.11443880945444107,0.20729003846645355,0.1779329776763916,0.11518988013267517,0.08850512653589249,0.20396049320697784,0.2992279827594757,0.5404326319694519
V,0.1607998013496399,0.168684720993042,0.13220025599002838,0.07219953835010529,0.1608656942844391,0.16728344559669495,0.2030927985906601,0.18748411536216736,0.16002990305423737
A,0.2904428243637085,0.3972681164741516,0.061746589839458466,0.8082082867622375,0.1419781595468521,0.15518100559711456,0.09679241478443146,0.44759219884872437,0.1173735186457634
Q,0.800137460231781,0.2277655154466629,0.11073960363864899,0.3564831018447876,0.19798138737678528,0.1802019327878952,0.05936215817928314,0.23761826753616333,0.05616050586104393
T,0.13666167855262756,0.0867244154214859,0.11536785215139389,0.13197453320026398,0.09512324631214142,0.08393839001655579,0.10741908848285675,0.19733068346977234,0.10381127893924713
D,0.42107993364334106,0.5476938486099243,0.11074445396661758,0.2506577670574188,0.15789467096328735,0.19693374633789062,0.16165786981582642,0.33732250332832336,0.31204432249069214
V,0.1715686321258545,0.1742166131734848,0.08034627884626389,0.07006971538066864,0.1569393277168274,0.15828058123588562,0.13788071274757385,0.1466502547264099,0.08918352425098419
D,0.28803935647010803,0.49082788825035095,0.11324393004179001,0.16387823224067688,0.1794695407152176,0.23230218887329102,0.13601920008659363,0.31703656911849976,0.3249741494655609
T,0.07260119169950485,0.09927542507648468,0.11711672693490982,0.17417067289352417,0.13108977675437927,0.11707594990730286,0.08394937217235565,0.22251835465431213,0.056473881006240845
L,0.71124267578125,0.05594300851225853,0.10428737103939056,0.9256448745727539,0.38823339343070984,0.24984458088874817,0.05945032089948654,0.18761439621448517,0.06630467623472214
Y,0.10095609724521637,0.1926753669977188,0.07957405596971512,0.08126915246248245,0.19276787340641022,0.16611090302467346,0.08808469772338867,0.14538034796714783,0.10098687559366226
I,1.3386855125427246,0.0743560865521431,0.16769126057624817,1.081804633140564,0.19026337563991547,0.16615276038646698,0.12640495598316193,0.22689509391784668,0.13791461288928986
M,2.0203962326049805,0.1209649071097374,0.1247880607843399,1.3648090362548828,0.07185429334640503,0.06789837777614594,0.07068042457103729,0.08625441044569016,0.07842731475830078
Y,0.15617506206035614,0.3056069314479828,0.08637173473834991,0.10008091479539871,0.16123317182064056,0.13748522102832794,0.09726323187351227,0.154225692152977,0.10318877547979355
R,0.21449151635169983,0.2957685589790344,0.25783079862594604,0.15564113855361938,0.1592852771282196,0.1489337980747223,0.08880531787872314,0.11360130459070206,0.2450922727584839
D,0.25527918338775635,0.38698145747184753,0.24237468838691711,0.5225134491920471,0.24924689531326294,0.38101208209991455,0.2815150320529938,0.2939183712005615,0.3073289096355438
Y,0.07965178042650223,0.1921001821756363,0.06881944835186005,0.07234671711921692,0.14184314012527466,0.1187489703297615,0.0980445146560669,0.13540738821029663,0.099433533847332
T,0.06794412434101105,0.11527803540229797,0.1714887022972107,0.12054168432950974,0.10404865443706512,0.1001228392124176,0.22693710029125214,0.15353745222091675,0.14869892597198486
W,0.07535355538129807,0.19495360553264618,0.09769891202449799,0.10101200640201569,0.10855777561664581,0.11910982429981232,0.1445857286453247,0.09298837184906006,0.16559575498104095
A,0.12870913743972778,0.16383428871631622,0.08869627118110657,0.19710421562194824,0.10004064440727234,0.1073492243885994,0.14574699103832245,0.1651776134967804,0.19965985417366028
V,0.10200980305671692,0.11249543726444244,0.05883726105093956,0.0490124449133873,0.1364528238773346,0.14472821354866028,0.19258254766464233,0.16761048138141632,0.1498384177684784
W,0.040906380861997604,0.17606906592845917,0.14358395338058472,0.09630399942398071,0.11700936406850815,0.14098507165908813,0.40214574337005615,0.10032141953706741,0.29587608575820923
A,0.08129969239234924,0.10849995911121368,0.1769825965166092,0.17572231590747833,0.11582387238740921,0.11546479165554047,0.15783214569091797,0.09980218857526779,0.17498217523097992
Y,0.05150440335273743,0.14715437591075897,0.05402899533510208,0.07161618769168854,0.0995447114109993,0.0898316502571106,0.18460920453071594,0.07660531997680664,0.1073366105556488
T,0.04736550897359848,0.13255660235881805,0.19311605393886566,0.09411026537418365,0.09100846201181412,0.09153193235397339,0.15853822231292725,0.07665365934371948,0.13661877810955048
W,0.06426513940095901,0.3102959990501404,0.09312430769205093,0.07579939067363739,0.1333634853363037,0.1364351361989975,0.10920979082584381,0.04658806324005127,0.08932781964540482
Y,0.04982456564903259,0.15589332580566406,0.056373223662376404,0.06044701114296913,0.15773864090442657,0.1392267942428589,0.08522916585206985,0.06834492832422256,0.057890597730875015
sum,14.52916431427002,7.2027411460876465,4.233278751373291,9.287542343139648,5.214465141296387,5.096656799316406,4.900125980377197,6.385310173034668,5.886437892913818
posi,1.0,2.0,3.0,4.0,5.0,6.0,7.0,8.0,9.0
contrib,0.23159316136970165,0.11481084228028952,0.06747796279148773,0.14804232687286153,0.08311795784006952,0.08124010679752404,0.0781074287796972,0.10178108921562662,0.09382912405274219
