,E,A,F,I,Q,P,I,T,R
Y,0.17326228320598602,0.0682835802435875,0.1919800490140915,0.0979255735874176,0.15380233526229858,0.07211591303348541,0.12799674272537231,0.08700603246688843,0.32488128542900085
Y,0.19231392443180084,0.09308182448148727,0.17386773228645325,0.08687587827444077,0.1565863937139511,0.07838477939367294,0.10950104892253876,0.08841222524642944,0.30828240513801575
A,0.29036036133766174,0.0986236110329628,0.11767680197954178,0.08663293719291687,0.14964525401592255,0.12966714799404144,0.12511786818504333,0.12040656059980392,0.19855903089046478
M,1.6553643941879272,0.1263854056596756,0.288910835981369,0.09929782152175903,0.06080222874879837,0.023042351007461548,0.09517006576061249,0.10409948229789734,0.20858748257160187
Y,0.16280639171600342,0.14097698032855988,0.11206065863370895,0.09360741078853607,0.15070167183876038,0.12751048803329468,0.12434583902359009,0.10047093033790588,0.2562534511089325
Q,1.6496143341064453,0.10252609103918076,0.1046762466430664,0.052837155759334564,0.08816686272621155,0.02312217466533184,0.058872416615486145,0.3354983627796173,0.14282743632793427
E,0.22206665575504303,0.11730577796697617,0.2139081209897995,0.1499987244606018,0.11019202321767807,0.13612458109855652,0.1008930578827858,0.046577151864767075,0.08252233266830444
N,1.6515498161315918,0.14110253751277924,0.24551643431186676,0.34431734681129456,0.12424340099096298,0.08643729984760284,0.5462329387664795,0.16383613646030426,0.1584695428609848
V,0.0878201350569725,0.2146034687757492,0.13584443926811218,0.10386485606431961,0.1327417641878128,0.5915098786354065,0.09856722503900528,0.10291550308465958,0.0525771901011467
A,0.3873656988143921,0.13869641721248627,0.13848640024662018,0.10960215330123901,0.11922763288021088,0.16502346098423004,0.09066576510667801,0.19174036383628845,0.16575688123703003
Q,0.8572494983673096,0.08264892548322678,0.21255730092525482,0.0836724266409874,0.08448344469070435,0.03430963680148125,0.04482750967144966,0.20627829432487488,0.21661986410617828
T,0.10581621527671814,0.270778089761734,0.11322688311338425,0.2388511449098587,0.24307028949260712,0.06869916617870331,0.1333886682987213,0.07262049615383148,0.03692477568984032
D,0.45034074783325195,0.43185171484947205,0.5608654618263245,0.4877832531929016,0.08381111174821854,0.11749614030122757,0.30867329239845276,0.20832949876785278,0.41680097579956055
V,0.14250969886779785,0.09552737325429916,0.07148350775241852,0.07339750230312347,0.1589243859052658,0.43253833055496216,0.09936664998531342,0.06574234366416931,0.11102361977100372
D,0.3937584161758423,0.3459686040878296,0.5074628591537476,0.35356298089027405,0.08486445248126984,0.12090034782886505,0.2052631974220276,0.29892802238464355,0.5403452515602112
T,0.07866110652685165,0.2852945625782013,0.314471960067749,0.15972138941287994,0.1467445194721222,0.1055607721209526,0.13722588121891022,0.060610078275203705,0.07854778319597244
L,0.41746529936790466,0.06777670979499817,0.4833811819553375,0.17860697209835052,0.1282634139060974,0.054362282156944275,0.07980939000844955,0.12020909041166306,0.9510291814804077
Y,0.07253667712211609,0.07120952755212784,0.1678435206413269,0.13476692140102386,0.1434975266456604,0.08711256086826324,0.16258683800697327,0.17064115405082703,0.4027784764766693
I,0.9037793874740601,0.11785304546356201,0.6243959665298462,0.22719964385032654,0.1928667277097702,0.05163995921611786,0.15805144608020782,0.14915144443511963,0.3704456090927124
I,1.0208534002304077,0.15658198297023773,0.4627523124217987,0.2408427745103836,0.18690374493598938,0.06144862249493599,0.1792103350162506,0.13918735086917877,0.21279416978359222
Y,0.12772434949874878,0.10342089831829071,0.08905906975269318,0.15204668045043945,0.14813756942749023,0.11521877348423004,0.17139776051044464,0.12434134632349014,0.11289902776479721
R,0.16311295330524445,0.39690926671028137,0.3052428662776947,0.33618637919425964,0.09128794819116592,0.28097397089004517,0.16372814774513245,0.18931564688682556,0.25690600275993347
D,0.5560007095336914,0.6435478925704956,0.6785446405410767,0.46893954277038574,0.06528370827436447,0.18298189342021942,0.298566997051239,0.1664896011352539,0.32922664284706116
Y,0.07995372265577316,0.0843127965927124,0.06770165264606476,0.13111741840839386,0.11605871468782425,0.04905802756547928,0.14652635157108307,0.08838075399398804,0.13274285197257996
T,0.09102732688188553,0.26002037525177,0.15917807817459106,0.504162609577179,0.13048243522644043,0.0706588625907898,0.2927495539188385,0.09890501201152802,0.07313288003206253
W,0.054009441286325455,0.294972687959671,0.20219990611076355,0.13482415676116943,0.13456518948078156,0.24085193872451782,0.1406613439321518,0.10229732096195221,0.069094717502594
A,0.13231804966926575,0.17099618911743164,0.09767786413431168,0.13393646478652954,0.12949320673942566,0.05915258824825287,0.15889665484428406,0.23156091570854187,0.11178889870643616
A,0.13826948404312134,0.17215362191200256,0.09824398905038834,0.15694287419319153,0.11796142905950546,0.06470399349927902,0.2005685269832611,0.2004595547914505,0.09177923947572708
Q,0.38208892941474915,0.15321125090122223,0.22059211134910583,0.17671746015548706,0.0670408308506012,0.028184281662106514,0.14712189137935638,0.4494423270225525,0.22191165387630463
A,0.1104101836681366,0.17018580436706543,0.07323036342859268,0.1479451060295105,0.084304079413414,0.06051090359687805,0.24070753157138824,0.13251373171806335,0.08450024574995041
Y,0.04787534102797508,0.1039932444691658,0.09222570806741714,0.1113051027059555,0.07842914760112762,0.05265878140926361,0.18614017963409424,0.10030745714902878,0.04127369076013565
R,0.13958266377449036,0.7682061195373535,0.23341508209705353,0.22538527846336365,0.0858614593744278,0.09416860342025757,0.14833062887191772,0.30875900387763977,0.16948309540748596
W,0.04961434006690979,0.24138377606868744,0.11477266252040863,0.08749232441186905,0.1213449090719223,0.07472188770771027,0.09667544811964035,0.062497302889823914,0.07517896592617035
Y,0.04774991050362587,0.06253533065319061,0.09779250621795654,0.07316143810749054,0.14237090945243835,0.037502288818359375,0.10872816294431686,0.07677042484283447,0.10410015285015106
sum,13.03523063659668,6.7929253578186035,7.77124547958374,6.243527889251709,4.212160587310791,3.9783525466918945,5.486565113067627,5.164700984954834,7.110044956207275
posi,1.0,2.0,3.0,4.0,5.0,6.0,7.0,8.0,9.0
contrib,0.21799957123952982,0.11360403638038093,0.12996534006771537,0.10441598164420972,0.07044364826563136,0.06653347175796187,0.09175663059374776,0.08637381506235388,0.1189075049884693
