,A,E,A,F,I,Q,P,I
Y,0.0620216503739357,0.18202528357505798,0.0643274337053299,0.1825476586818695,0.11362031102180481,0.2080434113740921,0.09847612679004669,0.10765271633863449
Y,0.0771293193101883,0.19222140312194824,0.0754534974694252,0.15171556174755096,0.10190797597169876,0.2162364423274994,0.09726742655038834,0.09067054092884064
A,0.08712129294872284,0.3163875937461853,0.08327610790729523,0.09078355133533478,0.1150253638625145,0.1417113095521927,0.14136923849582672,0.16603155434131622
M,0.12063273042440414,1.6153758764266968,0.07245010882616043,0.5566699504852295,0.10175216943025589,0.18123644590377808,0.03133633732795715,0.2143058180809021
Y,0.16029763221740723,0.1565493792295456,0.11152388900518417,0.1106046736240387,0.12165538966655731,0.18885698914527893,0.1414942443370819,0.105010986328125
Q,0.11330604553222656,1.824779748916626,0.09788161516189575,0.29480549693107605,0.09398772567510605,0.1315620392560959,0.0446900837123394,0.1150732934474945
E,0.14794038236141205,0.2029729038476944,0.10074950754642487,0.24044935405254364,0.17332550883293152,0.17186293005943298,0.1076069325208664,0.17735512554645538
N,0.43947848677635193,1.4938241243362427,0.15118220448493958,0.047315821051597595,0.38793838024139404,0.10846388339996338,0.10293072462081909,0.6163235902786255
V,0.21460099518299103,0.090519018471241,0.2189859002828598,0.1166403591632843,0.09945730119943619,0.1766921430826187,0.5269376039505005,0.08613276481628418
A,0.11628913879394531,0.5908523797988892,0.14536449313163757,0.12010496109724045,0.10697472840547562,0.13310566544532776,0.18861384689807892,0.11112705618143082
Q,0.092864990234375,0.9928030967712402,0.08961092680692673,0.21904514729976654,0.07465226948261261,0.10685848444700241,0.04617391526699066,0.05756804719567299
T,0.4426499605178833,0.10265287756919861,0.15128764510154724,0.08291791379451752,0.22002288699150085,0.17633618414402008,0.07899720966815948,0.1627299189567566
D,0.3223636746406555,0.48579996824264526,0.33337122201919556,0.43638530373573303,0.35421064496040344,0.14264743030071259,0.24192547798156738,0.3842751085758209
V,0.12399479746818542,0.15356802940368652,0.08577093482017517,0.08507664501667023,0.08154094964265823,0.24243775010108948,0.3099481463432312,0.08195222914218903
D,0.3168102502822876,0.49002087116241455,0.39016661047935486,0.3561583459377289,0.22875051200389862,0.14490513503551483,0.2632984519004822,0.30684521794319153
T,0.7218430042266846,0.04028409346938133,0.13825255632400513,0.06854631751775742,0.2307060956954956,0.09628119319677353,0.09452905505895615,0.1874619722366333
L,0.09298457205295563,0.9290010333061218,0.07736124098300934,0.35035240650177,0.1820594072341919,0.16171686351299286,0.0610681027173996,0.22589409351348877
Y,0.08164320141077042,0.0850699171423912,0.07094399631023407,0.10708943009376526,0.15192115306854248,0.1485643982887268,0.11678752303123474,0.15315623581409454
I,0.20022077858448029,1.1304171085357666,0.0845889300107956,0.655250072479248,0.2565953731536865,0.1965274214744568,0.09007389843463898,0.2750363051891327
I,0.2500694990158081,1.1120531558990479,0.08694466203451157,0.5962992310523987,0.2657053768634796,0.22893540561199188,0.07770033925771713,0.25389203429222107
Y,0.10890048742294312,0.12290813773870468,0.08086521178483963,0.09189554303884506,0.15086886286735535,0.18549087643623352,0.12910017371177673,0.15420635044574738
R,0.36182573437690735,0.1349162608385086,0.21294955909252167,0.39989620447158813,0.170368030667305,0.10243779420852661,0.15145127475261688,0.14391501247882843
D,0.5024413466453552,0.6221404075622559,0.508199155330658,0.6983866691589355,0.2841958999633789,0.12518487870693207,0.2824164032936096,0.28504642844200134
Y,0.08480200916528702,0.09133385121822357,0.0821516364812851,0.0865105465054512,0.1385371834039688,0.13017307221889496,0.05843953788280487,0.13549202680587769
T,0.6144700050354004,0.05227523297071457,0.16133996844291687,0.06716538220643997,0.5352872610092163,0.08090771734714508,0.06342767179012299,0.2639949917793274
W,0.32479676604270935,0.04570598900318146,0.22960276901721954,0.08257786929607391,0.1350291222333908,0.11404452472925186,0.24040587246418,0.17863143980503082
A,0.14545685052871704,0.2140718251466751,0.24523477256298065,0.07807385921478271,0.11366064101457596,0.10656993836164474,0.08705524355173111,0.24710512161254883
A,0.15897557139396667,0.18553988635540009,0.21805362403392792,0.0718991830945015,0.1599263995885849,0.10236359387636185,0.09668563306331635,0.25326481461524963
Q,0.1505277305841446,0.4030965566635132,0.16735729575157166,0.11486934870481491,0.21590498089790344,0.07710035890340805,0.06789569556713104,0.20266418159008026
A,0.1395498514175415,0.1441316157579422,0.15535016357898712,0.05923439562320709,0.2082650512456894,0.0771636813879013,0.1016017496585846,0.26916608214378357
Y,0.10167156159877777,0.050537124276161194,0.07914140075445175,0.07972918450832367,0.17538602650165558,0.09035616368055344,0.08251194655895233,0.16949278116226196
R,0.6170083284378052,0.10174968093633652,0.34388357400894165,0.2104974091053009,0.15905079245567322,0.12716521322727203,0.07656678557395935,0.15117764472961426
W,0.2668077051639557,0.04346563667058945,0.1438881903886795,0.053894273936748505,0.11236024647951126,0.10728432238101959,0.08586983382701874,0.1393442004919052
Y,0.0558491013944149,0.04875371232628822,0.03864239901304245,0.09782719612121582,0.08514690399169922,0.2320542335510254,0.052167024463415146,0.10876009613275528
sum,7.817346096038818,14.447803497314453,5.296154022216797,7.061215400695801,6.105798244476318,4.961278438568115,4.436819076538086,6.580756187438965
posi,1.0,2.0,3.0,4.0,5.0,6.0,7.0,8.0
contrib,0.13785463043289228,0.25477912672928205,0.09339478468508977,0.1245206784388395,0.10767241850998453,0.08748943659665342,0.07824088208192427,0.11604804252533416
