,V,Y,E,G,V,W,K,K,A
Y,0.08446446061134338,0.1711971014738083,0.2633455991744995,0.15628792345523834,0.09652391821146011,0.12062518298625946,0.13289380073547363,0.11170558631420135,0.09737780690193176
Y,0.0807068794965744,0.19237789511680603,0.3114204406738281,0.1944950819015503,0.08757747709751129,0.09629923850297928,0.12432929128408432,0.11369200050830841,0.1187332421541214
A,0.06813503801822662,0.17657437920570374,0.21219849586486816,0.2778785526752472,0.05436834692955017,0.35034722089767456,0.27111777663230896,0.23091661930084229,0.1954900473356247
M,0.12728780508041382,0.23967713117599487,1.6720592975616455,0.1807163506746292,0.027460601180791855,0.9231710433959961,0.18561875820159912,0.2898685932159424,0.09492454677820206
Y,0.09078869968652725,0.1604899913072586,0.1796775758266449,0.2581278681755066,0.06832535564899445,0.08272386342287064,0.1395741105079651,0.14344626665115356,0.17149730026721954
R,0.5322362780570984,0.24638241529464722,0.19298504292964935,0.30005988478660583,0.10252152383327484,0.09749852120876312,0.19640448689460754,0.21126000583171844,0.12842895090579987
N,0.33262428641319275,0.5195385813713074,1.1373566389083862,0.11290674656629562,0.19971752166748047,0.10122538357973099,0.11527420580387115,0.3627438545227051,0.7585998773574829
N,0.2843441069126129,0.5480790138244629,1.1493017673492432,0.09824176132678986,0.23774729669094086,0.16817663609981537,0.1221732646226883,0.3316883146762848,0.6671107411384583
V,0.12026282399892807,0.14542771875858307,0.12189115583896637,0.1379983276128769,0.11509088426828384,0.08054090291261673,0.2604896128177643,0.2665276825428009,0.16906970739364624
A,0.042538996785879135,0.20905204117298126,0.3308388888835907,0.41189512610435486,0.058185189962387085,0.8867062330245972,0.18675225973129272,0.21054601669311523,0.12049372494220734
Q,0.17239439487457275,0.20104707777500153,0.6063231229782104,0.16369925439357758,0.11453027278184891,0.34686630964279175,0.1338917315006256,0.15001602470874786,0.0664648786187172
T,0.1365416944026947,0.1679258644580841,0.14341160655021667,0.06891211122274399,0.11135680228471756,0.13350039720535278,0.06000024080276489,0.06619468331336975,0.12321154773235321
D,0.12743785977363586,1.1735152006149292,0.4485081732273102,0.48470979928970337,0.0562644861638546,0.33237290382385254,0.33535265922546387,0.3014415204524994,0.2980770468711853
V,0.12092655897140503,0.0855560451745987,0.10488629341125488,0.21184203028678894,0.06538963317871094,0.07626356929540634,0.19176431000232697,0.20612919330596924,0.11524803936481476
D,0.08644716441631317,1.1615986824035645,0.36610710620880127,0.5774435997009277,0.05081969127058983,0.18183067440986633,0.5601432919502258,0.3735964298248291,0.3367026448249817
T,0.15200108289718628,0.5755797028541565,0.06082470715045929,0.12052551656961441,0.10596036911010742,0.1293995976448059,0.10699551552534103,0.1184636577963829,0.0742417499423027
L,0.1308935284614563,0.34719204902648926,0.6149452328681946,0.043755535036325455,0.056141991168260574,0.7718878984451294,0.266176700592041,0.1370391994714737,0.09111709147691727
Y,0.0807744562625885,0.13551892340183258,0.1082092896103859,0.1781788170337677,0.07050975412130356,0.07341528683900833,0.15883846580982208,0.1781693547964096,0.11304006725549698
I,0.2031564712524414,0.32513707876205444,1.1593581438064575,0.03698869049549103,0.09740283340215683,1.008725643157959,0.22094039618968964,0.3838060796260834,0.12096715718507767
M,0.337960422039032,0.24077674746513367,1.8990827798843384,0.03140399232506752,0.07151859998703003,1.3844656944274902,0.11179352551698685,0.258838415145874,0.08378925174474716
Y,0.10120844841003418,0.11141178756952286,0.1243145689368248,0.3522058427333832,0.07894621789455414,0.06955303996801376,0.12966422736644745,0.1370825469493866,0.10071723163127899
R,0.33128225803375244,0.26172935962677,0.14647561311721802,0.27222391963005066,0.09709185361862183,0.12445825338363647,0.15764065086841583,0.1720709204673767,0.13733385503292084
D,0.35219746828079224,0.7176011800765991,0.3267706334590912,0.23796039819717407,0.11129093915224075,0.8854666352272034,0.6079832911491394,0.34726476669311523,0.36511752009391785
Y,0.0892573744058609,0.07270210981369019,0.08624567091464996,0.18183493614196777,0.05607512220740318,0.0713072419166565,0.10931004583835602,0.11191947758197784,0.11079700291156769
T,0.2404714822769165,0.4094085991382599,0.06434836983680725,0.12217167019844055,0.20750364661216736,0.1230861246585846,0.0805930495262146,0.10077110677957535,0.18338163197040558
W,0.09402436017990112,0.411070853471756,0.053690552711486816,0.15858463943004608,0.09297157824039459,0.10381186008453369,0.13926903903484344,0.14012470841407776,0.23695458471775055
A,0.07056315243244171,0.14718998968601227,0.1590629518032074,0.16289930045604706,0.06924622505903244,0.1948167383670807,0.11196916550397873,0.12638218700885773,0.21146486699581146
V,0.08816613256931305,0.08453068137168884,0.08043470233678818,0.09220613539218903,0.0515412762761116,0.04958358034491539,0.19933399558067322,0.22699713706970215,0.17511345446109772
W,0.2314509153366089,0.2093953937292099,0.023590484634041786,0.053640998899936676,0.10532984882593155,0.1311621367931366,0.1578332483768463,0.18774493038654327,0.4726816415786743
A,0.09229202568531036,0.12915563583374023,0.0708712711930275,0.06547755002975464,0.0765274316072464,0.22117979824543,0.11557790637016296,0.1072445958852768,0.16973216831684113
Y,0.06978694349527359,0.08324307203292847,0.04163115471601486,0.10949952155351639,0.05854130536317825,0.09608928859233856,0.1203596293926239,0.1051405593752861,0.12216351926326752
T,0.2795974314212799,0.3388815224170685,0.03417675942182541,0.06472181528806686,0.1059226393699646,0.05886148661375046,0.11247101426124573,0.125962495803833,0.14072933793067932
W,0.10204708576202393,0.20745593309402466,0.04075726494193077,0.2588888704776764,0.06663450598716736,0.06492273509502411,0.19498291611671448,0.19913062453269958,0.13375712931156158
Y,0.07459483295679092,0.10130222886800766,0.04702213034033775,0.22498254477977753,0.05031923949718475,0.09067276865243912,0.1993989646434784,0.14245747029781342,0.07258865982294083
sum,5.528862953186035,10.307722091674805,12.382123947143555,6.403364658355713,3.0753540992736816,9.631012916564941,6.316910743713379,6.676383018493652,6.577117443084717
posi,1.0,2.0,3.0,4.0,5.0,6.0,7.0,8.0,9.0
contrib,0.08264510972186367,0.15407920768917605,0.1850872414212583,0.09571710842894991,0.04597020745858675,0.14396379978337537,0.09442480053092488,0.09979817039788168,0.09831435456798343
