,E,G,V,W,K,K,A,E,A,F
Y,0.19400924444198608,0.15130361914634705,0.07683281600475311,0.11232607811689377,0.15971821546554565,0.16220366954803467,0.09605585038661957,0.18137408792972565,0.07276266068220139,0.10495269298553467
Y,0.24894782900810242,0.1830519437789917,0.06996937096118927,0.08957497775554657,0.16084331274032593,0.1568799763917923,0.11290644109249115,0.16332677006721497,0.083084337413311,0.0783182680606842
A,0.21440629661083221,0.4016602635383606,0.07313700765371323,0.2169841080904007,0.18207001686096191,0.20007066428661346,0.20556113123893738,0.268744558095932,0.18229462206363678,0.21477526426315308
M,1.8842923641204834,0.22296369075775146,0.03373916819691658,0.8696401715278625,0.11909767240285873,0.08082325756549835,0.06672712415456772,0.08744296431541443,0.06035088747739792,0.24739941954612732
Y,0.2202422171831131,0.3122435212135315,0.054624028503894806,0.08559639751911163,0.16498710215091705,0.17043954133987427,0.18251344561576843,0.16647876799106598,0.1458161622285843,0.07356146723031998
R,0.2807845175266266,0.32482418417930603,0.2769543528556824,0.0780562236905098,0.12312254309654236,0.21295300126075745,0.08300920575857162,0.16327184438705444,0.10123961418867111,0.15988704562187195
N,1.542017936706543,0.1811627745628357,0.19637443125247955,0.09180256724357605,0.06148293986916542,0.06261696666479111,0.20418745279312134,0.2387579381465912,0.5959615707397461,0.8673912286758423
N,1.5935577154159546,0.15180586278438568,0.1795097440481186,0.11698603630065918,0.057771313935518265,0.05720395967364311,0.22888478636741638,0.26839718222618103,0.4963975250720978,0.8839938044548035
V,0.14067786931991577,0.17353981733322144,0.13942526280879974,0.06998848170042038,0.12496867030858994,0.14593128859996796,0.1925548017024994,0.16190965473651886,0.1567867249250412,0.10644382983446121
A,0.3182465732097626,0.5278298854827881,0.06203753873705864,0.7211602330207825,0.14347051084041595,0.1575125753879547,0.14159412682056427,0.4038028120994568,0.1684153974056244,0.2764936685562134
Q,0.7453905940055847,0.2235061526298523,0.09177625924348831,0.2847060263156891,0.21678614616394043,0.24776804447174072,0.061781492084264755,0.23908883333206177,0.056485287845134735,0.35050830245018005
T,0.12085963785648346,0.08390574902296066,0.13519571721553802,0.12377891689538956,0.1273353099822998,0.1360306590795517,0.1001206710934639,0.13844561576843262,0.0885198563337326,0.12879803776741028
D,0.382161945104599,0.574515163898468,0.21909452974796295,0.25143948197364807,0.11775505542755127,0.15159687399864197,0.16405560076236725,0.2254515141248703,0.25514525175094604,0.29627636075019836
V,0.17230650782585144,0.16616694629192352,0.08047695457935333,0.0662003681063652,0.118352510035038,0.15517264604568481,0.13685588538646698,0.163730651140213,0.09552070498466492,0.06716699153184891
D,0.27156662940979004,0.5597158670425415,0.20544123649597168,0.20004913210868835,0.14425410330295563,0.16367855668067932,0.14090386033058167,0.23663413524627686,0.31202197074890137,0.2790127098560333
T,0.05624574422836304,0.08857627213001251,0.15289683640003204,0.16585507988929749,0.13657334446907043,0.14874379336833954,0.0812300592660904,0.13225765526294708,0.05109311640262604,0.31789466738700867
L,0.8693815469741821,0.07010567933320999,0.12417341768741608,0.8579059839248657,0.336414635181427,0.2428005039691925,0.06245359033346176,0.16601689159870148,0.05939355120062828,0.6359266042709351
Y,0.09711037576198578,0.2080565094947815,0.0756746381521225,0.08600538223981857,0.1735992431640625,0.180807426571846,0.08785631507635117,0.11088544130325317,0.09552090615034103,0.10487242043018341
I,1.342718243598938,0.07530423253774643,0.1759950965642929,0.39759236574172974,0.11290286481380463,0.12647531926631927,0.1458287537097931,0.18052539229393005,0.13924634456634521,1.1394304037094116
M,2.038123846054077,0.14725595712661743,0.0912913978099823,1.2324090003967285,0.05714629963040352,0.0541100837290287,0.09653794020414352,0.061826325953006744,0.09242737293243408,0.27718594670295715
Y,0.14505837857723236,0.3145238161087036,0.07270068675279617,0.10301651805639267,0.13569007813930511,0.1392286866903305,0.09982392936944962,0.1432153284549713,0.11032222211360931,0.08831099420785904
R,0.17173811793327332,0.2846260070800781,0.2111096978187561,0.14195361733436584,0.11051317304372787,0.13172024488449097,0.08058914542198181,0.12462957948446274,0.1411246657371521,0.23859883844852448
D,0.259846568107605,0.45006874203681946,0.33170977234840393,0.4425694942474365,0.17541171610355377,0.24182772636413574,0.31781572103500366,0.20485694706439972,0.3223676085472107,0.34020209312438965
Y,0.08666291832923889,0.19193482398986816,0.07576758414506912,0.07917826622724533,0.1165538877248764,0.12160272896289825,0.0995313748717308,0.13315872848033905,0.10621818900108337,0.08832035213708878
T,0.056549571454524994,0.10873182117938995,0.22765915095806122,0.12349168211221695,0.12780731916427612,0.13982939720153809,0.21679744124412537,0.11887380480766296,0.13805079460144043,0.2564605474472046
W,0.07825031876564026,0.17115066945552826,0.13842080533504486,0.08098054677248001,0.12848620116710663,0.15189415216445923,0.1345146894454956,0.08968209475278854,0.15668551623821259,0.16937334835529327
A,0.124185711145401,0.17756293714046478,0.10473231226205826,0.15784870088100433,0.11521437019109726,0.12424864619970322,0.16118185222148895,0.20737500488758087,0.22832611203193665,0.21718761324882507
V,0.10538484901189804,0.10237488895654678,0.07837626338005066,0.0478447787463665,0.12230166792869568,0.1444106549024582,0.19882790744304657,0.14104527235031128,0.16458413004875183,0.07737435400485992
W,0.05337619036436081,0.13587011396884918,0.11021703481674194,0.10112957656383514,0.1811225712299347,0.20413169264793396,0.3416878283023834,0.08306044340133667,0.26981842517852783,0.11487358808517456
A,0.09091554582118988,0.13500389456748962,0.11863359063863754,0.17075090110301971,0.16727688908576965,0.15800906717777252,0.18527613580226898,0.13040004670619965,0.24045731127262115,0.1566968858242035
Y,0.051228560507297516,0.16256427764892578,0.056441571563482285,0.09023623913526535,0.10340364277362823,0.10951876640319824,0.15156103670597076,0.06375548988580704,0.09623794257640839,0.09591875225305557
T,0.03544103726744652,0.1246466413140297,0.19737549126148224,0.10827340185642242,0.13589563965797424,0.13907572627067566,0.1385137289762497,0.06539309024810791,0.1163310557603836,0.25792673230171204
W,0.05299215391278267,0.26910826563835144,0.1118435487151146,0.0706377625465393,0.1438807249069214,0.15145187079906464,0.09583021700382233,0.03926452249288559,0.08404791355133057,0.14861704409122467
Y,0.04609441012144089,0.15457293391227722,0.05986366048455238,0.06487539410591125,0.14875544607639313,0.1986602544784546,0.06788613647222519,0.05792121961712837,0.046508170664310455,0.08416532725095749
sum,14.09077262878418,7.610233783721924,4.409471035003662,7.900844573974609,4.750965118408203,5.169428825378418,4.88145637512207,5.361000061035156,5.529563903808594,8.944316864013672
posi,1.0,2.0,3.0,4.0,5.0,6.0,7.0,8.0,9.0,10.0
contrib,0.20526106682215217,0.11085869784186064,0.06423300926148909,0.11509204135032387,0.06920757252495985,0.07530335656618387,0.07110844590285657,0.0780939853868501,0.080549464238637,0.1302923601046868
