,Y,E,G,V,W,K,K,A,E,A
Y,0.17819130420684814,0.20437514781951904,0.16272854804992676,0.14401374757289886,0.1216265931725502,0.17044289410114288,0.14349211752414703,0.10056103020906448,0.22171883285045624,0.07178749889135361
Y,0.22823506593704224,0.252366840839386,0.2067660093307495,0.13560137152671814,0.09293663501739502,0.16135366261005402,0.1401481032371521,0.12146405130624771,0.20787104964256287,0.08508922159671783
A,0.15269804000854492,0.20412200689315796,0.32966017723083496,0.06130604073405266,0.24203310906887054,0.1908288598060608,0.17671409249305725,0.16878105700016022,0.2877674400806427,0.1458374410867691
M,0.30895549058914185,1.7181956768035889,0.31990399956703186,0.02950304001569748,0.8878733515739441,0.12298250198364258,0.15471307933330536,0.0745161846280098,0.1843094825744629,0.0616665817797184
Y,0.18785634636878967,0.16930684447288513,0.3328979015350342,0.09205037355422974,0.07451298087835312,0.18049868941307068,0.15842729806900024,0.1630306988954544,0.18794186413288116,0.14443469047546387
R,0.3806898891925812,0.21191269159317017,0.35698577761650085,0.16528449952602386,0.08099979907274246,0.18877175450325012,0.17208969593048096,0.0857786163687706,0.35618284344673157,0.14805953204631805
N,0.6041715145111084,1.3546624183654785,0.1299356371164322,0.1604762077331543,0.10772402584552765,0.05158122628927231,0.07047165185213089,0.3004615008831024,0.3840906322002411,0.9710667133331299
N,0.5875352621078491,1.3888098001480103,0.11039996892213821,0.1570272445678711,0.1502954661846161,0.05387565493583679,0.07200466841459274,0.31048497557640076,0.4398493468761444,0.74596107006073
V,0.132481187582016,0.1510729342699051,0.1520434319972992,0.11888808012008667,0.07127852737903595,0.21138356626033783,0.23786534368991852,0.18648779392242432,0.13206157088279724,0.15097542107105255
A,0.21642497181892395,0.28496047854423523,0.3948374390602112,0.07283373177051544,0.7340955138206482,0.12129372358322144,0.11138033866882324,0.08594820648431778,0.7012712359428406,0.11263591051101685
Q,0.18118852376937866,0.6012528538703918,0.21569110453128815,0.15029369294643402,0.38976171612739563,0.13726046681404114,0.11721072345972061,0.044723112136125565,0.3281296491622925,0.08927131444215775
T,0.20410482585430145,0.1204315796494484,0.07727458328008652,0.1265036165714264,0.12684637308120728,0.07368949800729752,0.06907816231250763,0.11513771861791611,0.10191304236650467,0.11897942423820496
D,1.097395896911621,0.3942762017250061,0.5203670263290405,0.06961416453123093,0.3102213740348816,0.19019438326358795,0.21187999844551086,0.16289103031158447,0.3716149628162384,0.2812347114086151
V,0.08775996416807175,0.12704506516456604,0.22093580663204193,0.07461419701576233,0.08089594542980194,0.18465225398540497,0.18704643845558167,0.14012131094932556,0.09027260541915894,0.08128302544355392
D,1.0360311269760132,0.3118076026439667,0.6845527291297913,0.0749560296535492,0.15056860446929932,0.33318883180618286,0.3446430265903473,0.1290668398141861,0.4409399628639221,0.2645992040634155
T,0.7702960968017578,0.05039530247449875,0.15675202012062073,0.09592335671186447,0.12606030702590942,0.1295093595981598,0.12967181205749512,0.08446871489286423,0.08495552837848663,0.05366282910108566
L,0.23361076414585114,0.6347522139549255,0.04797673970460892,0.12034202367067337,0.77403724193573,0.32787808775901794,0.20452837646007538,0.07750894874334335,0.23553581535816193,0.07142955809831619
Y,0.14158757030963898,0.08831776678562164,0.22191326320171356,0.09764492511749268,0.07351768016815186,0.17810480296611786,0.1707095503807068,0.10362628102302551,0.14621518552303314,0.10614874213933945
I,0.4259739816188812,0.8411348462104797,0.05309754237532616,0.1463395357131958,0.9915687441825867,0.15024122595787048,0.24472112953662872,0.16221022605895996,0.5558001399040222,0.1033618152141571
M,0.5513197183609009,1.9089515209197998,0.0848645493388176,0.057728011161088943,1.479727029800415,0.0534098744392395,0.07531294971704483,0.08539202809333801,0.15342840552330017,0.09505493938922882
Y,0.1258147805929184,0.12613192200660706,0.3295356035232544,0.10187983512878418,0.08007337898015976,0.17539425194263458,0.15394261479377747,0.10333869606256485,0.11601074784994125,0.09866095334291458
R,0.29321596026420593,0.15344297885894775,0.33230993151664734,0.11456702649593353,0.1557178646326065,0.18803663551807404,0.17432019114494324,0.09173393249511719,0.11718003451824188,0.2070067822933197
D,0.5740871429443359,0.32845011353492737,0.5886096358299255,0.13096271455287933,0.586250901222229,0.45932912826538086,0.4236961305141449,0.2678171396255493,0.25845593214035034,0.27269136905670166
Y,0.06996086239814758,0.07156318426132202,0.18964332342147827,0.06764834374189377,0.06508927792310715,0.18086689710617065,0.15453064441680908,0.10721585154533386,0.10131940990686417,0.0995427668094635
T,0.6163771152496338,0.0484706275165081,0.15115927159786224,0.1322421431541443,0.12685519456863403,0.09695161134004593,0.10034316778182983,0.14781947433948517,0.05800103023648262,0.1965636909008026
W,0.45124590396881104,0.06009052321314812,0.17368361353874207,0.09099521487951279,0.07857175171375275,0.11253558844327927,0.11817193031311035,0.16304294764995575,0.09644920378923416,0.15478603541851044
A,0.11513308435678482,0.12980946898460388,0.1698312759399414,0.09188958257436752,0.16840259730815887,0.09832613915205002,0.10130541771650314,0.14709973335266113,0.2133895456790924,0.17089278995990753
V,0.09276974946260452,0.07620806992053986,0.10740042477846146,0.05862031131982803,0.049259621649980545,0.15682688355445862,0.19876007735729218,0.1922696828842163,0.0837044045329094,0.1337481588125229
W,0.32866474986076355,0.03017222136259079,0.10277614742517471,0.09897058457136154,0.09999671578407288,0.14332646131515503,0.15124844014644623,0.36840271949768066,0.08205901831388474,0.2727905213832855
A,0.12283455580472946,0.07096065580844879,0.08030681312084198,0.16260677576065063,0.1671983003616333,0.1269201934337616,0.12241196632385254,0.15904615819454193,0.098597951233387,0.16699019074440002
Y,0.09961088746786118,0.04709110036492348,0.128255233168602,0.06183610111474991,0.08056401461362839,0.15365365147590637,0.12927840650081635,0.1403225064277649,0.05324201658368111,0.09526406228542328
T,0.5876224637031555,0.03273621201515198,0.09068920463323593,0.1359647810459137,0.0694313794374466,0.10895851254463196,0.11466000974178314,0.11960349977016449,0.04198696091771126,0.1775103509426117
W,0.22230148315429688,0.04462346062064171,0.3122427463531494,0.0687035471200943,0.05755215510725975,0.14376476407051086,0.16376861929893494,0.10885537415742874,0.03538176044821739,0.09072770178318024
Y,0.09250911325216293,0.042335834354162216,0.22797401249408722,0.0574227049946785,0.06755217164754868,0.2617645263671875,0.2216174453496933,0.09671397507190704,0.040655072778463364,0.049949221312999725
sum,11.498656272888184,12.28023624420166,7.764001846313477,3.5252537727355957,8.919095039367676,5.617796421051025,5.520162582397461,4.915942668914795,7.008302211761475,6.089663982391357
posi,1.0,2.0,3.0,4.0,5.0,6.0,7.0,8.0,9.0,10.0
contrib,0.15721624325296396,0.16790245423062286,0.106153899544289,0.04819929751005766,0.1219469981559269,0.0768097443490019,0.07547483834231734,0.06721359610305214,0.0958215394186948,0.08326138909307346
